PRAGMA foreign_keys=OFF;
BEGIN TRANSACTION;
CREATE TABLE places (
		placecode VARCHAR(10),
		placename VARCHAR(50),
		x DOUBLE,
		y DOUBLE);
CREATE TABLE routeconflicts (
        routenum1 INTEGER,
        routenum2 INTEGER);
INSERT INTO "routeconflicts" VALUES(101,102);
CREATE TABLE options (
optionkey VARCHAR(30),
optionvalue VARCHAR(50));
INSERT INTO "options" VALUES('version','0.4');
INSERT INTO "options" VALUES('description','This simulation is freely inspired from SimSig "Drain" simulation by G. Mayo.');
INSERT INTO "options" VALUES('defaultMinimumStopTime','[(20,40,90),(40,120,10)]');
INSERT INTO "options" VALUES('defaultDelayAtEntry','0');
INSERT INTO "options" VALUES('timeFactor','5');
INSERT INTO "options" VALUES('title','London Underground Waterloo & City line');
INSERT INTO "options" VALUES('defaultMaxSpeed','18.06');
INSERT INTO "options" VALUES('trackCircuitBased','0');
INSERT INTO "options" VALUES('warningSpeed','8.34');
INSERT INTO "options" VALUES('currentScore','0');
INSERT INTO "options" VALUES('currentTime','06:00:00');
CREATE TABLE trackitems (y DOUBLE,x DOUBLE,timersw DOUBLE,timerwc DOUBLE,ptiid INTEGER,placecode VARCHAR(10),conflicttiid INTEGER,yn DOUBLE,trackcode VARCHAR(10),xr DOUBLE,yr DOUBLE,titype VARCHAR(5),maxspeed DOUBLE,reallength DOUBLE,rtiid INTEGER,yf DOUBLE,tiid INTEGER PRIMARY KEY,ntiid INTEGER,xf DOUBLE,name VARCHAR(100),reverse BOOLEAN,xn DOUBLE);
INSERT INTO "trackitems" VALUES(50.0,60.0,NULL,NULL,NULL,'BNK',NULL,NULL,NULL,NULL,NULL,'A',0.0,NULL,NULL,NULL,1,NULL,NULL,'BANK',NULL,NULL);
INSERT INTO "trackitems" VALUES(50.0,950.0,NULL,NULL,NULL,'WTL',NULL,NULL,NULL,NULL,NULL,'A',0.0,NULL,NULL,NULL,2,NULL,NULL,'WATERLOO',NULL,NULL);
INSERT INTO "trackitems" VALUES(50.0,1250.0,NULL,NULL,NULL,'DPT',NULL,NULL,NULL,NULL,NULL,'A',0.0,NULL,NULL,NULL,3,NULL,NULL,'DEPOT',NULL,NULL);
INSERT INTO "trackitems" VALUES(100.0,60.0,NULL,NULL,71,'BNK',NULL,105.0,'7',129.0,125.0,'LP',0.0,80.0,NULL,100.0,7,72,130.0,NULL,NULL,10.0);
INSERT INTO "trackitems" VALUES(150.0,60.0,NULL,NULL,81,'BNK',NULL,125.0,'8',129.0,145.0,'LP',0.0,80.0,NULL,150.0,8,82,130.0,NULL,NULL,10.0);
INSERT INTO "trackitems" VALUES(175.0,1215.0,NULL,NULL,1000016,NULL,NULL,NULL,NULL,NULL,NULL,'S',0.0,NULL,NULL,NULL,31,1000015,NULL,'31',1,NULL);
INSERT INTO "trackitems" VALUES(175.0,1260.0,NULL,NULL,1000016,NULL,NULL,NULL,NULL,NULL,NULL,'SB',0.0,NULL,NULL,NULL,32,1000017,NULL,'32',0,NULL);
INSERT INTO "trackitems" VALUES(200.0,1215.0,NULL,NULL,1000018,NULL,NULL,NULL,NULL,NULL,NULL,'S',0.0,NULL,NULL,NULL,41,207,NULL,'41',1,NULL);
INSERT INTO "trackitems" VALUES(200.0,1260.0,NULL,NULL,1000018,NULL,NULL,NULL,NULL,NULL,NULL,'SB',0.0,NULL,NULL,NULL,42,1000019,NULL,'42',0,NULL);
INSERT INTO "trackitems" VALUES(125.0,1215.0,NULL,NULL,1000021,NULL,NULL,NULL,NULL,NULL,NULL,'S',0.0,NULL,NULL,NULL,51,551,NULL,'51',1,NULL);
INSERT INTO "trackitems" VALUES(125.0,1300.0,NULL,NULL,1000021,NULL,NULL,NULL,NULL,NULL,NULL,'SB',0.0,NULL,NULL,NULL,52,1000022,NULL,'52',0,NULL);
INSERT INTO "trackitems" VALUES(100.0,1250.0,NULL,NULL,1000024,NULL,NULL,NULL,NULL,NULL,NULL,'S',0.0,NULL,NULL,NULL,61,561,NULL,'61',1,NULL);
INSERT INTO "trackitems" VALUES(100.0,1300.0,NULL,NULL,1000024,NULL,NULL,NULL,NULL,NULL,NULL,'SB',0.0,NULL,NULL,NULL,62,1000025,NULL,'62',0,NULL);
INSERT INTO "trackitems" VALUES(100.0,60.0,NULL,NULL,7,NULL,NULL,NULL,NULL,NULL,NULL,'SB',0.0,NULL,NULL,NULL,71,1000000,NULL,'71',1,NULL);
INSERT INTO "trackitems" VALUES(100.0,130.0,NULL,NULL,7,NULL,NULL,NULL,NULL,NULL,NULL,'S',0.0,NULL,NULL,NULL,72,511,NULL,'72',0,NULL);
INSERT INTO "trackitems" VALUES(100.0,450.0,NULL,NULL,1000003,NULL,NULL,NULL,NULL,NULL,NULL,'S',0.0,NULL,NULL,NULL,73,1000004,NULL,'73',0,NULL);
INSERT INTO "trackitems" VALUES(100.0,700.0,NULL,NULL,1000004,NULL,NULL,NULL,NULL,NULL,NULL,'S',0.0,NULL,NULL,NULL,74,1000005,NULL,'74',0,NULL);
INSERT INTO "trackitems" VALUES(100.0,1020.0,NULL,NULL,1000009,NULL,NULL,NULL,NULL,NULL,NULL,'S',0.0,NULL,NULL,NULL,75,1000011,NULL,'75',0,NULL);
INSERT INTO "trackitems" VALUES(75.0,1270.0,NULL,NULL,1000026,NULL,NULL,NULL,NULL,NULL,NULL,'S',0.0,NULL,NULL,NULL,76,206,NULL,'76',1,NULL);
INSERT INTO "trackitems" VALUES(150.0,60.0,NULL,NULL,8,NULL,NULL,NULL,NULL,NULL,NULL,'SB',0.0,NULL,NULL,NULL,81,601,NULL,'81',1,NULL);
INSERT INTO "trackitems" VALUES(150.0,130.0,NULL,NULL,8,NULL,NULL,NULL,NULL,NULL,NULL,'S',0.0,NULL,NULL,NULL,82,521,NULL,'82',0,NULL);
INSERT INTO "trackitems" VALUES(150.0,310.0,NULL,NULL,1000006,NULL,NULL,NULL,NULL,NULL,NULL,'S',0.0,NULL,NULL,NULL,83,522,NULL,'83',1,NULL);
INSERT INTO "trackitems" VALUES(150.0,510.0,NULL,NULL,1000007,NULL,NULL,NULL,NULL,NULL,NULL,'S',0.0,NULL,NULL,NULL,84,1000006,NULL,'84',1,NULL);
INSERT INTO "trackitems" VALUES(150.0,760.0,NULL,NULL,1000008,NULL,NULL,NULL,NULL,NULL,NULL,'S',0.0,NULL,NULL,NULL,85,1000007,NULL,'85',1,NULL);
INSERT INTO "trackitems" VALUES(150.0,950.0,NULL,NULL,1000010,NULL,NULL,NULL,NULL,NULL,NULL,'S',0.0,NULL,NULL,NULL,86,1000008,NULL,'86',1,NULL);
INSERT INTO "trackitems" VALUES(150.0,1020.0,NULL,NULL,1000010,NULL,NULL,NULL,NULL,NULL,NULL,'S',0.0,NULL,NULL,NULL,87,1000012,NULL,'87',0,NULL);
INSERT INTO "trackitems" VALUES(105.0,200.0,NULL,NULL,511,NULL,NULL,NULL,'',NULL,NULL,'L',0.0,5.65685424949238040408e+01,NULL,145.0,201,522,240.0,NULL,NULL,NULL);
INSERT INTO "trackitems" VALUES(145.0,200.0,NULL,NULL,521,NULL,NULL,NULL,'',NULL,NULL,'L',0.0,5.65685424949238040408e+01,NULL,105.0,202,512,240.0,NULL,NULL,NULL);
INSERT INTO "trackitems" VALUES(100.0,1100.0,NULL,NULL,1000011,NULL,NULL,NULL,'',NULL,NULL,'L',0.0,2.82842712474619020204e+01,NULL,120.0,203,513,1120.0,NULL,NULL,NULL);
INSERT INTO "trackitems" VALUES(155.0,1100.0,NULL,NULL,523,NULL,NULL,NULL,'',NULL,NULL,'L',0.0,2.82842712474619020204e+01,NULL,175.0,204,1000014,1120.0,NULL,NULL,NULL);
INSERT INTO "trackitems" VALUES(120.0,1155.0,NULL,NULL,551,NULL,NULL,NULL,'',NULL,NULL,'L',0.0,2.82842712474619020204e+01,NULL,100.0,205,1000023,1175.0,NULL,NULL,NULL);
INSERT INTO "trackitems" VALUES(95.0,1190.0,NULL,NULL,561,NULL,NULL,NULL,'',NULL,NULL,'L',0.0,2.82842712474619020204e+01,NULL,75.0,206,76,1210.0,NULL,NULL,NULL);
INSERT INTO "trackitems" VALUES(180.0,1135.0,NULL,NULL,531,NULL,NULL,NULL,'',NULL,NULL,'L',0.0,2.82842712474619020204e+01,NULL,200.0,207,41,1155.0,NULL,NULL,NULL);
INSERT INTO "trackitems" VALUES(100.0,195.0,NULL,NULL,72,NULL,NULL,0.0,NULL,5.0,5.0,'P',0.0,NULL,201,0.0,511,1000001,-5.0,NULL,NULL,5.0);
INSERT INTO "trackitems" VALUES(100.0,245.0,NULL,NULL,1000003,NULL,NULL,0.0,NULL,-5.0,5.0,'P',0.0,NULL,202,0.0,512,1000001,5.0,NULL,NULL,-5.0);
INSERT INTO "trackitems" VALUES(125.0,1125.0,NULL,NULL,1000020,NULL,NULL,5.0,NULL,-5.0,-5.0,'P',0.0,NULL,203,0.0,513,1000013,5.0,NULL,NULL,-5.0);
INSERT INTO "trackitems" VALUES(150.0,195.0,NULL,NULL,82,NULL,NULL,0.0,NULL,5.0,-5.0,'P',0.0,NULL,202,0.0,521,1000002,-5.0,NULL,NULL,5.0);
INSERT INTO "trackitems" VALUES(150.0,245.0,NULL,NULL,83,NULL,NULL,0.0,NULL,-5.0,-5.0,'P',0.0,NULL,201,0.0,522,1000002,5.0,NULL,NULL,-5.0);
INSERT INTO "trackitems" VALUES(150.0,1095.0,NULL,NULL,1000012,NULL,NULL,0.0,NULL,5.0,5.0,'P',0.0,NULL,204,0.0,523,1000013,-5.0,NULL,NULL,5.0);
INSERT INTO "trackitems" VALUES(175.0,1130.0,NULL,NULL,1000014,NULL,NULL,0.0,NULL,5.0,5.0,'P',0.0,NULL,207,0.0,531,1000015,-5.0,NULL,NULL,5.0);
INSERT INTO "trackitems" VALUES(125.0,1150.0,NULL,NULL,1000020,NULL,NULL,0.0,NULL,5.0,-5.0,'P',0.0,NULL,205,0.0,551,51,-5.0,NULL,NULL,5.0);
INSERT INTO "trackitems" VALUES(100.0,1185.0,NULL,NULL,1000023,NULL,NULL,0.0,NULL,5.0,-5.0,'P',0.0,NULL,206,0.0,561,61,-5.0,NULL,NULL,5.0);
INSERT INTO "trackitems" VALUES(150.0,0.0,NULL,NULL,81,NULL,NULL,NULL,NULL,NULL,NULL,'E',0.0,NULL,NULL,NULL,601,1000019,NULL,NULL,NULL,NULL);
INSERT INTO "trackitems" VALUES(100.0,0.0,NULL,NULL,71,NULL,NULL,NULL,NULL,NULL,NULL,'E',0.0,NULL,NULL,NULL,1000000,601,NULL,NULL,NULL,NULL);
INSERT INTO "trackitems" VALUES(100.0,200.0,NULL,NULL,511,NULL,NULL,NULL,'',NULL,NULL,'L',0.0,40.0,NULL,100.0,1000001,512,240.0,NULL,NULL,NULL);
INSERT INTO "trackitems" VALUES(150.0,200.0,NULL,NULL,521,NULL,NULL,NULL,'',NULL,NULL,'L',0.0,40.0,NULL,150.0,1000002,522,240.0,NULL,NULL,NULL);
INSERT INTO "trackitems" VALUES(100.0,250.0,NULL,NULL,512,NULL,NULL,NULL,'',NULL,NULL,'L',0.0,700.0,NULL,100.0,1000003,73,450.0,NULL,NULL,NULL);
INSERT INTO "trackitems" VALUES(100.0,510.0,NULL,NULL,73,NULL,NULL,NULL,'',NULL,NULL,'L',0.0,700.0,NULL,100.0,1000004,74,700.0,NULL,NULL,NULL);
INSERT INTO "trackitems" VALUES(100.0,760.0,NULL,NULL,74,NULL,NULL,NULL,'',NULL,NULL,'L',0.0,700.0,NULL,100.0,1000005,1000009,950.0,NULL,NULL,NULL);
INSERT INTO "trackitems" VALUES(150.0,310.0,NULL,NULL,83,NULL,NULL,NULL,'',NULL,NULL,'L',0.0,700.0,NULL,150.0,1000006,84,450.0,NULL,NULL,NULL);
INSERT INTO "trackitems" VALUES(150.0,510.0,NULL,NULL,84,NULL,NULL,NULL,'',NULL,NULL,'L',0.0,700.0,NULL,150.0,1000007,85,700.0,NULL,NULL,NULL);
INSERT INTO "trackitems" VALUES(150.0,760.0,NULL,NULL,85,NULL,NULL,NULL,'',NULL,NULL,'L',0.0,700.0,NULL,150.0,1000008,86,890.0,NULL,NULL,NULL);
INSERT INTO "trackitems" VALUES(100.0,950.0,NULL,NULL,1000005,'WTL',NULL,80.0,'26',1019.0,95.0,'LP',0.0,80.0,NULL,100.0,1000009,75,1020.0,NULL,NULL,950.0);
INSERT INTO "trackitems" VALUES(150.0,950.0,NULL,NULL,86,'WTL',NULL,155.0,'25',1019.0,170.0,'LP',0.0,80.0,NULL,150.0,1000010,87,1020.0,NULL,NULL,950.0);
INSERT INTO "trackitems" VALUES(100.0,1080.0,NULL,NULL,75,NULL,NULL,NULL,'',NULL,NULL,'L',0.0,20.0,NULL,100.0,1000011,203,1100.0,NULL,NULL,NULL);
INSERT INTO "trackitems" VALUES(150.0,1080.0,NULL,NULL,87,NULL,NULL,NULL,'',NULL,NULL,'L',0.0,10.0,NULL,150.0,1000012,523,1090.0,NULL,NULL,NULL);
INSERT INTO "trackitems" VALUES(150.0,1100.0,NULL,NULL,523,NULL,NULL,NULL,'',NULL,NULL,'L',0.0,2.82842712474619020204e+01,NULL,130.0,1000013,513,1120.0,NULL,NULL,NULL);
INSERT INTO "trackitems" VALUES(175.0,1120.0,NULL,NULL,204,NULL,NULL,NULL,'',NULL,NULL,'L',0.0,5.0,NULL,175.0,1000014,531,1125.0,NULL,NULL,NULL);
INSERT INTO "trackitems" VALUES(175.0,1135.0,NULL,NULL,531,NULL,NULL,NULL,'',NULL,NULL,'L',0.0,70.0,NULL,175.0,1000015,31,1155.0,NULL,NULL,NULL);
INSERT INTO "trackitems" VALUES(175.0,1215.0,NULL,NULL,31,NULL,NULL,NULL,'',NULL,NULL,'L',0.0,45.0,NULL,175.0,1000016,32,1260.0,NULL,NULL,NULL);
INSERT INTO "trackitems" VALUES(175.0,1320.0,NULL,NULL,32,NULL,NULL,NULL,NULL,NULL,NULL,'E',0.0,NULL,NULL,NULL,1000017,1000019,NULL,NULL,NULL,NULL);
INSERT INTO "trackitems" VALUES(200.0,1215.0,NULL,NULL,41,NULL,NULL,NULL,'',NULL,NULL,'L',0.0,70.0,NULL,200.0,1000018,42,1260.0,NULL,NULL,NULL);
INSERT INTO "trackitems" VALUES(200.0,1320.0,NULL,NULL,42,NULL,NULL,NULL,NULL,NULL,NULL,'E',0.0,NULL,NULL,NULL,1000019,1000022,NULL,NULL,NULL,NULL);
INSERT INTO "trackitems" VALUES(125.0,1130.0,NULL,NULL,513,NULL,NULL,NULL,'',NULL,NULL,'L',0.0,15.0,NULL,125.0,1000020,551,1145.0,NULL,NULL,NULL);
INSERT INTO "trackitems" VALUES(125.0,1215.0,NULL,NULL,51,'DPT',NULL,NULL,'5',NULL,NULL,'L',0.0,85.0,NULL,125.0,1000021,52,1300.0,NULL,NULL,NULL);
INSERT INTO "trackitems" VALUES(125.0,1360.0,NULL,NULL,52,NULL,NULL,NULL,NULL,NULL,NULL,'E',0.0,NULL,NULL,NULL,1000022,1000019,NULL,NULL,NULL,NULL);
INSERT INTO "trackitems" VALUES(100.0,1175.0,NULL,NULL,205,NULL,NULL,NULL,'',NULL,NULL,'L',0.0,5.0,NULL,100.0,1000023,561,1180.0,NULL,NULL,NULL);
INSERT INTO "trackitems" VALUES(100.0,1250.0,NULL,NULL,61,'DPT',NULL,NULL,'6',NULL,NULL,'L',0.0,80.0,NULL,100.0,1000024,62,1300.0,NULL,NULL,NULL);
INSERT INTO "trackitems" VALUES(100.0,1360.0,NULL,NULL,62,NULL,NULL,NULL,NULL,NULL,NULL,'E',0.0,NULL,NULL,NULL,1000025,1000019,NULL,NULL,NULL,NULL);
INSERT INTO "trackitems" VALUES(75.0,1270.0,NULL,NULL,76,'DPT',NULL,NULL,'7',NULL,NULL,'L',0.0,80.0,NULL,75.0,1000026,1000028,1300.0,NULL,NULL,NULL);
INSERT INTO "trackitems" VALUES(75.0,1360.0,NULL,NULL,1000028,NULL,NULL,NULL,NULL,NULL,NULL,'E',0.0,NULL,NULL,NULL,1000027,1000019,NULL,NULL,NULL,NULL);
INSERT INTO "trackitems" VALUES(75.0,1300.0,NULL,NULL,1000026,NULL,NULL,NULL,NULL,NULL,NULL,'SB',0.0,NULL,NULL,NULL,1000028,1000027,NULL,'77',0,NULL);
CREATE TABLE routes (
routenum INTEGER PRIMARY KEY,
beginsignal INTEGER,
endsignal INTEGER,
initialstate INTEGER);
INSERT INTO "routes" VALUES(1,72,73,1);
INSERT INTO "routes" VALUES(2,73,74,2);
INSERT INTO "routes" VALUES(3,74,75,2);
INSERT INTO "routes" VALUES(51,86,85,2);
INSERT INTO "routes" VALUES(52,85,84,2);
INSERT INTO "routes" VALUES(53,84,83,2);
INSERT INTO "routes" VALUES(54,83,81,NULL);
INSERT INTO "routes" VALUES(101,82,73,NULL);
INSERT INTO "routes" VALUES(102,83,71,NULL);
INSERT INTO "routes" VALUES(202,75,62,NULL);
INSERT INTO "routes" VALUES(203,75,52,1);
INSERT INTO "routes" VALUES(205,87,62,NULL);
INSERT INTO "routes" VALUES(206,87,52,NULL);
INSERT INTO "routes" VALUES(207,76,86,NULL);
INSERT INTO "routes" VALUES(208,61,86,NULL);
INSERT INTO "routes" VALUES(209,51,86,NULL);
INSERT INTO "routes" VALUES(210,87,32,NULL);
INSERT INTO "routes" VALUES(211,87,42,NULL);
INSERT INTO "routes" VALUES(212,31,86,NULL);
INSERT INTO "routes" VALUES(213,41,86,NULL);
INSERT INTO "routes" VALUES(215,75,1000028,0);
INSERT INTO "routes" VALUES(216,87,1000028,0);
CREATE TABLE directions (
routenum INTEGER,
tiid INTEGER,
direction INTEGER);
INSERT INTO "directions" VALUES(1,512,0);
INSERT INTO "directions" VALUES(1,511,0);
INSERT INTO "directions" VALUES(202,513,1);
INSERT INTO "directions" VALUES(202,551,1);
INSERT INTO "directions" VALUES(202,561,0);
INSERT INTO "directions" VALUES(203,513,1);
INSERT INTO "directions" VALUES(203,551,0);
INSERT INTO "directions" VALUES(205,513,0);
INSERT INTO "directions" VALUES(205,523,0);
INSERT INTO "directions" VALUES(205,551,1);
INSERT INTO "directions" VALUES(205,561,0);
INSERT INTO "directions" VALUES(206,513,0);
INSERT INTO "directions" VALUES(206,523,0);
INSERT INTO "directions" VALUES(206,551,0);
INSERT INTO "directions" VALUES(207,561,1);
INSERT INTO "directions" VALUES(207,523,0);
INSERT INTO "directions" VALUES(207,551,1);
INSERT INTO "directions" VALUES(207,513,0);
INSERT INTO "directions" VALUES(208,561,0);
INSERT INTO "directions" VALUES(208,523,0);
INSERT INTO "directions" VALUES(208,551,1);
INSERT INTO "directions" VALUES(208,513,0);
INSERT INTO "directions" VALUES(209,513,0);
INSERT INTO "directions" VALUES(209,523,0);
INSERT INTO "directions" VALUES(209,551,0);
INSERT INTO "directions" VALUES(210,523,1);
INSERT INTO "directions" VALUES(210,531,0);
INSERT INTO "directions" VALUES(211,523,1);
INSERT INTO "directions" VALUES(211,531,1);
INSERT INTO "directions" VALUES(212,531,0);
INSERT INTO "directions" VALUES(212,523,1);
INSERT INTO "directions" VALUES(213,531,1);
INSERT INTO "directions" VALUES(213,523,1);
INSERT INTO "directions" VALUES(215,513,1);
INSERT INTO "directions" VALUES(215,551,1);
INSERT INTO "directions" VALUES(215,561,1);
INSERT INTO "directions" VALUES(216,513,0);
INSERT INTO "directions" VALUES(216,523,0);
INSERT INTO "directions" VALUES(216,551,1);
INSERT INTO "directions" VALUES(216,561,1);
INSERT INTO "directions" VALUES(101,512,1);
INSERT INTO "directions" VALUES(101,521,1);
INSERT INTO "directions" VALUES(102,522,1);
INSERT INTO "directions" VALUES(102,511,1);
INSERT INTO "directions" VALUES(54,521,0);
INSERT INTO "directions" VALUES(54,522,0);
CREATE TABLE traintypes (
code VARCHAR(10),
description VARCHAR(200),
maxspeed DOUBLE,
stdaccel DOUBLE,
stdbraking DOUBLE,
emergbraking DOUBLE,
tlength DOUBLE);
INSERT INTO "traintypes" VALUES('UT','Underground train',25.0,0.5,0.5,1.5,70.0);
CREATE TABLE services (
servicecode VARCHAR(10),
description VARCHAR(200),
nextservice VARCHAR(10),
autoreverse BOOLEAN,
plannedtraintype VARCHAR(10));
INSERT INTO "services" VALUES('BW03','BANK->WATERLOO','WB04',1,NULL);
INSERT INTO "services" VALUES('BW02','BANK->WATERLOO','WB03',1,NULL);
INSERT INTO "services" VALUES('BW01','BANK->WATERLOO','WB02',1,NULL);
INSERT INTO "services" VALUES('BW08','BANK->WATERLOO','',1,NULL);
INSERT INTO "services" VALUES('BW07','BANK->WATERLOO','WB08',1,NULL);
INSERT INTO "services" VALUES('BW06','BANK->WATERLOO','WB07',1,NULL);
INSERT INTO "services" VALUES('BW05','BANK->WATERLOO','WB06',1,NULL);
INSERT INTO "services" VALUES('BW04','BANK->WATERLOO','WB05',1,NULL);
INSERT INTO "services" VALUES('WB01','WATERLOO->BANK','BW03',1,NULL);
INSERT INTO "services" VALUES('WB03','WATERLOO->BANK','BW05',1,NULL);
INSERT INTO "services" VALUES('WB02','WATERLOO->BANK','BW04',1,NULL);
INSERT INTO "services" VALUES('WB05','WATERLOO->BANK','BW07',1,NULL);
INSERT INTO "services" VALUES('WB04','WATERLOO->BANK','BW06',1,NULL);
INSERT INTO "services" VALUES('WB07','WATERLOO->BANK','',1,NULL);
INSERT INTO "services" VALUES('WB06','WATERLOO->BANK','BW08',1,NULL);
INSERT INTO "services" VALUES('WB08','WATERLOO->BANK','','',NULL);
CREATE TABLE servicelines (
servicecode VARCHAR(10),
placecode VARCHAR(10),
scheduledarrivaltime TIME,
scheduleddeparturetime TIME,
trackcode VARCHAR(10),
stop BOOLEAN);
INSERT INTO "servicelines" VALUES('BW03','BNK','','06:10:30','7',1);
INSERT INTO "servicelines" VALUES('BW03','WTL','06:13:00','06:15:00','26',1);
INSERT INTO "servicelines" VALUES('BW03','DPT','06:15:30','06:16:00','5',1);
INSERT INTO "servicelines" VALUES('BW02','BNK','','06:05:30','8',1);
INSERT INTO "servicelines" VALUES('BW02','WTL','06:08:00','06:10:00','26',1);
INSERT INTO "servicelines" VALUES('BW02','DPT','06:10:30','06:11:00','5',1);
INSERT INTO "servicelines" VALUES('BW01','BNK','','06:00:30','7',1);
INSERT INTO "servicelines" VALUES('BW01','WTL','06:03:00','06:05:00','26',1);
INSERT INTO "servicelines" VALUES('BW01','DPT','06:05:30','06:06:00','5',1);
INSERT INTO "servicelines" VALUES('BW08','BNK','','06:35:30','8',1);
INSERT INTO "servicelines" VALUES('BW08','WTL','06:38:00','06:40:00','26',1);
INSERT INTO "servicelines" VALUES('BW08','DPT','06:40:30','06:41:00','5',1);
INSERT INTO "servicelines" VALUES('BW07','BNK','','06:30:30','7',1);
INSERT INTO "servicelines" VALUES('BW07','WTL','06:33:00','06:35:00','26',1);
INSERT INTO "servicelines" VALUES('BW07','DPT','06:35:30','06:36:00','5',1);
INSERT INTO "servicelines" VALUES('BW06','BNK','','06:25:30','8',1);
INSERT INTO "servicelines" VALUES('BW06','WTL','06:28:00','06:30:00','26',1);
INSERT INTO "servicelines" VALUES('BW06','DPT','06:30:30','06:31:00','5',1);
INSERT INTO "servicelines" VALUES('BW05','BNK','','06:20:30','7',1);
INSERT INTO "servicelines" VALUES('BW05','WTL','06:23:00','06:25:00','26',1);
INSERT INTO "servicelines" VALUES('BW05','DPT','06:25:30','06:26:00','5',1);
INSERT INTO "servicelines" VALUES('BW04','BNK','','06:15:30','8',1);
INSERT INTO "servicelines" VALUES('BW04','WTL','06:18:00','06:20:00','26',1);
INSERT INTO "servicelines" VALUES('BW04','DPT','06:20:30','06:21:00','5',1);
INSERT INTO "servicelines" VALUES('WB01','WTL','','06:05:00','25',1);
INSERT INTO "servicelines" VALUES('WB01','BNK','06:07:30','06:08:00','7',1);
INSERT INTO "servicelines" VALUES('WB03','WTL','','06:15:00','25',1);
INSERT INTO "servicelines" VALUES('WB03','BNK','06:17:30','06:18:00','7',1);
INSERT INTO "servicelines" VALUES('WB02','WTL','','06:10:00','25',1);
INSERT INTO "servicelines" VALUES('WB02','BNK','06:12:30','06:13:00','8',1);
INSERT INTO "servicelines" VALUES('WB05','WTL','','06:25:00','25',1);
INSERT INTO "servicelines" VALUES('WB05','BNK','06:27:30','06:28:00','7',1);
INSERT INTO "servicelines" VALUES('WB04','WTL','','06:20:00','25',1);
INSERT INTO "servicelines" VALUES('WB04','BNK','06:22:30','06:23:00','8',1);
INSERT INTO "servicelines" VALUES('WB07','WTL','','06:35:00','25',1);
INSERT INTO "servicelines" VALUES('WB07','BNK','06:37:30','06:38:00','7',1);
INSERT INTO "servicelines" VALUES('WB06','WTL','','06:30:00','25',1);
INSERT INTO "servicelines" VALUES('WB06','BNK','06:32:30','06:33:00','8',1);
INSERT INTO "servicelines" VALUES('WB08','WTL','','06:40:00','25',1);
INSERT INTO "servicelines" VALUES('WB08','BNK','06:42:30','06:43:00','8',1);
CREATE TABLE trains (
trainid INTEGER,
servicecode VARCHAR(10),
traintype VARCHAR(10),
speed DOUBLE,
tiid INTEGER,
previoustiid INTEGER,
posonti DOUBLE,
appeartime TIME,
initialdelay VARCHAR(255),
nextplaceindex INTEGER,
stoppedtime INTEGER);
INSERT INTO "trains" VALUES(0,'BW01','UT',0.0,7,71,79.0,'06:00:00','0',0,0);
INSERT INTO "trains" VALUES(1,'WB01','UT',0.0,1000010,87,79.0,'06:00:00','0',0,0);
INSERT INTO "trains" VALUES(2,'BW02','UT',0.0,8,81,79.0,'06:00:00','0',0,0);
COMMIT;
