
BEGIN TRANSACTION;
CREATE TABLE places (
		placecode VARCHAR(10),
		placename VARCHAR(50),
		x DOUBLE,
		y DOUBLE);
CREATE TABLE routeconflicts (
        routenum1 INTEGER,
        routenum2 INTEGER);
INSERT INTO "routeconflicts" VALUES(101,102);
CREATE TABLE traintypes (
        code VARCHAR(10),
        description VARCHAR(200),
        maxspeed DOUBLE,
        stdaccel DOUBLE,
        stdbraking DOUBLE,
        emergbraking DOUBLE,
        tlength DOUBLE);
INSERT INTO "traintypes" VALUES('UT','Underground train',25.0,0.5,0.5,1.5,70.0);
CREATE TABLE trains (
        servicecode VARCHAR(10),
        traintype VARCHAR(10),
        speed DOUBLE,
        accel DOUBLE,
        tiid INTEGER,
        previoustiid INTEGER,
        posonti DOUBLE,
        appeartime TIME);
INSERT INTO "trains" VALUES('BW01','UT',0.0,0.0,7,71,79.0,'06:00:00');
INSERT INTO "trains" VALUES('BW02','UT',0.0,0.0,8,81,79.0,'06:00:00');
CREATE TABLE services (
		servicecode VARCHAR(10),
		description VARCHAR(200),
		nextservice VARCHAR(10),
		autoreverse BOOLEAN);
INSERT INTO "services" VALUES('BW01','First BANK->WATERLOO service','WB01',1);
INSERT INTO "services" VALUES('BW02','Second BANK->WATERLOO service','',0);
INSERT INTO "services" VALUES('BW03','Third BANK->WATERLOO service','',0);
INSERT INTO "services" VALUES('WB01','First WATERLOO->BANK service','',0);
CREATE TABLE servicelines (
		servicecode VARCHAR(10),
		placecode VARCHAR(10),
		scheduledarrivaltime TIME,
		scheduleddeparturetime TIME,
		trackcode VARCHAR(10),
		stop BOOLEAN);
INSERT INTO "servicelines" VALUES('BW01','BNK','06:00:00','06:00:30','7',1);
INSERT INTO "servicelines" VALUES('BW01','WTL','06:03:00','06:04:30','25',1);
INSERT INTO "servicelines" VALUES('BW01','DPT','06:05:30','06:06:00','5',1);
INSERT INTO "servicelines" VALUES('BW02','BNK','06:00:00','06:05:00','8',1);
INSERT INTO "servicelines" VALUES('BW02','WTL','06:08:30','06:09:00','26',1);
INSERT INTO "servicelines" VALUES('BW03','BNK','06:00:00','06:10:30','7',1);
INSERT INTO "servicelines" VALUES('BW03','WTL','06:02:30','06:13:30','25',1);
INSERT INTO "servicelines" VALUES('BW03','DPT','06:04:30','06:15:00','5',1);
INSERT INTO "servicelines" VALUES('WB01','WTL','06:06:30','06:08:00','26',1);
INSERT INTO "servicelines" VALUES('WB01','BNK','06:10:30','06:11:00','7',1);
CREATE TABLE options (
        optionKey VARCHAR(30),
        optionValue VARCHAR(50));
INSERT INTO "options" VALUES('timeFactor','5');
INSERT INTO "options" VALUES('currentTime','06:00:00');
INSERT INTO "options" VALUES('warningSpeed','8.3');
INSERT INTO "options" VALUES('defaultMaxSpeed','18');
INSERT INTO "options" VALUES('defaultMinimumStopTime','30');
CREATE TABLE trackitems (
        timerwc DOUBLE,
        yn DOUBLE,
        trackcode VARCHAR(10),
        xn DOUBLE,
        reallength DOUBLE,
        conflicttiid INTEGER,
        x DOUBLE,
        y DOUBLE,
        xf DOUBLE,
        reverse BOOLEAN,
        timersw DOUBLE,
        placecode VARCHAR(10),
        maxspeed DOUBLE,
        xr DOUBLE,
        titype VARCHAR(5),
        name VARCHAR(25) UNIQUE,
        yf DOUBLE,
        yr DOUBLE,
        tiid INTEGER PRIMARY KEY);
INSERT INTO "trackitems" VALUES(NULL,NULL,NULL,NULL,NULL,NULL,60.0,50.0,NULL,NULL,NULL,'BNK',NULL,NULL,'A','BANK',NULL,NULL,1);
INSERT INTO "trackitems" VALUES(NULL,NULL,NULL,NULL,NULL,NULL,950.0,50.0,NULL,NULL,NULL,'WTL',NULL,NULL,'A','WATERLOO',NULL,NULL,2);
INSERT INTO "trackitems" VALUES(NULL,NULL,NULL,NULL,NULL,NULL,1250.0,50.0,NULL,NULL,NULL,'DPT',NULL,NULL,'A','DEPOT',NULL,NULL,3);
INSERT INTO "trackitems" VALUES(NULL,105.0,'7',10.0,80.0,NULL,60.0,100.0,130.0,NULL,NULL,'BNK',NULL,129.0,'LP',NULL,100.0,125.0,7);
INSERT INTO "trackitems" VALUES(NULL,125.0,'8',10.0,80.0,NULL,60.0,150.0,130.0,NULL,NULL,'BNK',NULL,129.0,'LP',NULL,150.0,145.0,8);
INSERT INTO "trackitems" VALUES(NULL,NULL,NULL,NULL,NULL,NULL,1215.0,175.0,NULL,1,NULL,NULL,NULL,NULL,'S','31',NULL,NULL,31);
INSERT INTO "trackitems" VALUES(NULL,NULL,NULL,NULL,NULL,NULL,1260.0,175.0,NULL,0,NULL,NULL,NULL,NULL,'SB','32',NULL,NULL,32);
INSERT INTO "trackitems" VALUES(NULL,NULL,NULL,NULL,NULL,NULL,1215.0,200.0,NULL,1,NULL,NULL,NULL,NULL,'S','41',NULL,NULL,41);
INSERT INTO "trackitems" VALUES(NULL,NULL,NULL,NULL,NULL,NULL,1260.0,200.0,NULL,0,NULL,NULL,NULL,NULL,'SB','42',NULL,NULL,42);
INSERT INTO "trackitems" VALUES(NULL,NULL,NULL,NULL,NULL,NULL,1215.0,125.0,NULL,1,NULL,NULL,NULL,NULL,'S','51',NULL,NULL,51);
INSERT INTO "trackitems" VALUES(NULL,NULL,NULL,NULL,NULL,NULL,1300.0,125.0,NULL,0,NULL,NULL,NULL,NULL,'SB','52',NULL,NULL,52);
INSERT INTO "trackitems" VALUES(NULL,NULL,NULL,NULL,NULL,NULL,1250.0,100.0,NULL,1,NULL,NULL,NULL,NULL,'S','61',NULL,NULL,61);
INSERT INTO "trackitems" VALUES(NULL,NULL,NULL,NULL,NULL,NULL,1300.0,100.0,NULL,0,NULL,NULL,NULL,NULL,'SB','62',NULL,NULL,62);
INSERT INTO "trackitems" VALUES(NULL,NULL,NULL,NULL,NULL,NULL,60.0,100.0,NULL,1,NULL,NULL,NULL,NULL,'SB','71',NULL,NULL,71);
INSERT INTO "trackitems" VALUES(NULL,NULL,NULL,NULL,NULL,NULL,130.0,100.0,NULL,0,NULL,NULL,NULL,NULL,'S','72',NULL,NULL,72);
INSERT INTO "trackitems" VALUES(NULL,NULL,NULL,NULL,NULL,NULL,450.0,100.0,NULL,0,NULL,NULL,NULL,NULL,'S','73',NULL,NULL,73);
INSERT INTO "trackitems" VALUES(NULL,NULL,NULL,NULL,NULL,NULL,700.0,100.0,NULL,0,NULL,NULL,NULL,NULL,'S','74',NULL,NULL,74);
INSERT INTO "trackitems" VALUES(NULL,NULL,NULL,NULL,NULL,NULL,1020.0,100.0,NULL,0,NULL,NULL,NULL,NULL,'S','75',NULL,NULL,75);
INSERT INTO "trackitems" VALUES(NULL,NULL,NULL,NULL,NULL,NULL,1270.0,75.0,NULL,1,NULL,NULL,NULL,NULL,'S','76',NULL,NULL,76);
INSERT INTO "trackitems" VALUES(NULL,NULL,NULL,NULL,NULL,NULL,60.0,150.0,NULL,1,NULL,NULL,NULL,NULL,'SB','81',NULL,NULL,81);
INSERT INTO "trackitems" VALUES(NULL,NULL,NULL,NULL,NULL,NULL,130.0,150.0,NULL,0,NULL,NULL,NULL,NULL,'S','82',NULL,NULL,82);
INSERT INTO "trackitems" VALUES(NULL,NULL,NULL,NULL,NULL,NULL,310.0,150.0,NULL,1,NULL,NULL,NULL,NULL,'S','83',NULL,NULL,83);
INSERT INTO "trackitems" VALUES(NULL,NULL,NULL,NULL,NULL,NULL,510.0,150.0,NULL,1,NULL,NULL,NULL,NULL,'S','84',NULL,NULL,84);
INSERT INTO "trackitems" VALUES(NULL,NULL,NULL,NULL,NULL,NULL,760.0,150.0,NULL,1,NULL,NULL,NULL,NULL,'S','85',NULL,NULL,85);
INSERT INTO "trackitems" VALUES(NULL,NULL,NULL,NULL,NULL,NULL,950.0,150.0,NULL,1,NULL,NULL,NULL,NULL,'S','86',NULL,NULL,86);
INSERT INTO "trackitems" VALUES(NULL,NULL,NULL,NULL,NULL,NULL,1020.0,150.0,NULL,0,NULL,NULL,NULL,NULL,'S','87',NULL,NULL,87);
INSERT INTO "trackitems" VALUES(NULL,NULL,'',NULL,5.65685424949238040408e+01,NULL,200.0,105.0,240.0,NULL,NULL,NULL,NULL,NULL,'L',NULL,145.0,NULL,201);
INSERT INTO "trackitems" VALUES(NULL,NULL,'',NULL,5.65685424949238040408e+01,NULL,200.0,145.0,240.0,NULL,NULL,NULL,NULL,NULL,'L',NULL,105.0,NULL,202);
INSERT INTO "trackitems" VALUES(NULL,NULL,'',NULL,2.82842712474619020204e+01,NULL,1100.0,100.0,1120.0,NULL,NULL,NULL,NULL,NULL,'L',NULL,120.0,NULL,203);
INSERT INTO "trackitems" VALUES(NULL,NULL,'',NULL,2.82842712474619020204e+01,NULL,1100.0,155.0,1120.0,NULL,NULL,NULL,NULL,NULL,'L',NULL,175.0,NULL,204);
INSERT INTO "trackitems" VALUES(NULL,NULL,'',NULL,2.82842712474619020204e+01,NULL,1155.0,120.0,1175.0,NULL,NULL,NULL,NULL,NULL,'L',NULL,100.0,NULL,205);
INSERT INTO "trackitems" VALUES(NULL,NULL,'',NULL,2.82842712474619020204e+01,NULL,1190.0,95.0,1210.0,NULL,NULL,NULL,NULL,NULL,'L',NULL,75.0,NULL,206);
INSERT INTO "trackitems" VALUES(NULL,NULL,'',NULL,2.82842712474619020204e+01,NULL,1135.0,180.0,1155.0,NULL,NULL,NULL,NULL,NULL,'L',NULL,200.0,NULL,207);
INSERT INTO "trackitems" VALUES(NULL,0.0,NULL,5.0,NULL,NULL,195.0,100.0,-5.0,NULL,NULL,NULL,NULL,5.0,'P',NULL,0.0,5.0,511);
INSERT INTO "trackitems" VALUES(NULL,0.0,NULL,-5.0,NULL,NULL,245.0,100.0,5.0,NULL,NULL,NULL,NULL,-5.0,'P',NULL,0.0,5.0,512);
INSERT INTO "trackitems" VALUES(NULL,5.0,NULL,-5.0,NULL,NULL,1125.0,125.0,5.0,NULL,NULL,NULL,NULL,-5.0,'P',NULL,0.0,-5.0,513);
INSERT INTO "trackitems" VALUES(NULL,0.0,NULL,5.0,NULL,NULL,195.0,150.0,-5.0,NULL,NULL,NULL,NULL,5.0,'P',NULL,0.0,-5.0,521);
INSERT INTO "trackitems" VALUES(NULL,0.0,NULL,-5.0,NULL,NULL,245.0,150.0,5.0,NULL,NULL,NULL,NULL,-5.0,'P',NULL,0.0,-5.0,522);
INSERT INTO "trackitems" VALUES(NULL,0.0,NULL,5.0,NULL,NULL,1095.0,150.0,-5.0,NULL,NULL,NULL,NULL,5.0,'P',NULL,0.0,5.0,523);
INSERT INTO "trackitems" VALUES(NULL,0.0,NULL,5.0,NULL,NULL,1130.0,175.0,-5.0,NULL,NULL,NULL,NULL,5.0,'P',NULL,0.0,5.0,531);
INSERT INTO "trackitems" VALUES(NULL,0.0,NULL,5.0,NULL,NULL,1150.0,125.0,-5.0,NULL,NULL,NULL,NULL,5.0,'P',NULL,0.0,-5.0,551);
INSERT INTO "trackitems" VALUES(NULL,0.0,NULL,5.0,NULL,NULL,1185.0,100.0,-5.0,NULL,NULL,NULL,NULL,5.0,'P',NULL,0.0,-5.0,561);
INSERT INTO "trackitems" VALUES(NULL,NULL,NULL,NULL,NULL,NULL,0.0,150.0,NULL,NULL,NULL,NULL,NULL,NULL,'E',NULL,NULL,NULL,601);
INSERT INTO "trackitems" VALUES(NULL,NULL,NULL,NULL,NULL,NULL,0.0,100.0,NULL,NULL,NULL,NULL,NULL,NULL,'E',NULL,NULL,NULL,1000000);
INSERT INTO "trackitems" VALUES(NULL,NULL,'',NULL,40.0,NULL,200.0,100.0,240.0,NULL,NULL,NULL,NULL,NULL,'L',NULL,100.0,NULL,1000001);
INSERT INTO "trackitems" VALUES(NULL,NULL,'',NULL,40.0,NULL,200.0,150.0,240.0,NULL,NULL,NULL,NULL,NULL,'L',NULL,150.0,NULL,1000002);
INSERT INTO "trackitems" VALUES(NULL,NULL,'',NULL,700.0,NULL,250.0,100.0,450.0,NULL,NULL,NULL,NULL,NULL,'L',NULL,100.0,NULL,1000003);
INSERT INTO "trackitems" VALUES(NULL,NULL,'',NULL,700.0,NULL,510.0,100.0,700.0,NULL,NULL,NULL,NULL,NULL,'L',NULL,100.0,NULL,1000004);
INSERT INTO "trackitems" VALUES(NULL,NULL,'',NULL,700.0,NULL,760.0,100.0,950.0,NULL,NULL,NULL,NULL,NULL,'L',NULL,100.0,NULL,1000005);
INSERT INTO "trackitems" VALUES(NULL,NULL,'',NULL,700.0,NULL,310.0,150.0,450.0,NULL,NULL,NULL,NULL,NULL,'L',NULL,150.0,NULL,1000006);
INSERT INTO "trackitems" VALUES(NULL,NULL,'',NULL,700.0,NULL,510.0,150.0,700.0,NULL,NULL,NULL,NULL,NULL,'L',NULL,150.0,NULL,1000007);
INSERT INTO "trackitems" VALUES(NULL,NULL,'',NULL,700.0,NULL,760.0,150.0,890.0,NULL,NULL,NULL,NULL,NULL,'L',NULL,150.0,NULL,1000008);
INSERT INTO "trackitems" VALUES(NULL,80.0,'26',950.0,80.0,NULL,950.0,100.0,1020.0,NULL,NULL,'WTL',NULL,1019.0,'LP',NULL,100.0,95.0,1000009);
INSERT INTO "trackitems" VALUES(NULL,155.0,'25',950.0,80.0,NULL,950.0,150.0,1020.0,NULL,NULL,'WTL',NULL,1019.0,'LP',NULL,150.0,170.0,1000010);
INSERT INTO "trackitems" VALUES(NULL,NULL,'',NULL,20.0,NULL,1080.0,100.0,1100.0,NULL,NULL,NULL,NULL,NULL,'L',NULL,100.0,NULL,1000011);
INSERT INTO "trackitems" VALUES(NULL,NULL,'',NULL,10.0,NULL,1080.0,150.0,1090.0,NULL,NULL,NULL,NULL,NULL,'L',NULL,150.0,NULL,1000012);
INSERT INTO "trackitems" VALUES(NULL,NULL,'',NULL,2.82842712474619020204e+01,NULL,1100.0,150.0,1120.0,NULL,NULL,NULL,NULL,NULL,'L',NULL,130.0,NULL,1000013);
INSERT INTO "trackitems" VALUES(NULL,NULL,'',NULL,5.0,NULL,1120.0,175.0,1125.0,NULL,NULL,NULL,NULL,NULL,'L',NULL,175.0,NULL,1000014);
INSERT INTO "trackitems" VALUES(NULL,NULL,'',NULL,70.0,NULL,1135.0,175.0,1155.0,NULL,NULL,NULL,NULL,NULL,'L',NULL,175.0,NULL,1000015);
INSERT INTO "trackitems" VALUES(NULL,NULL,'',NULL,45.0,NULL,1215.0,175.0,1260.0,NULL,NULL,NULL,NULL,NULL,'L',NULL,175.0,NULL,1000016);
INSERT INTO "trackitems" VALUES(NULL,NULL,NULL,NULL,NULL,NULL,1320.0,175.0,NULL,NULL,NULL,NULL,NULL,NULL,'E',NULL,NULL,NULL,1000017);
INSERT INTO "trackitems" VALUES(NULL,NULL,'',NULL,70.0,NULL,1215.0,200.0,1260.0,NULL,NULL,NULL,NULL,NULL,'L',NULL,200.0,NULL,1000018);
INSERT INTO "trackitems" VALUES(NULL,NULL,NULL,NULL,NULL,NULL,1320.0,200.0,NULL,NULL,NULL,NULL,NULL,NULL,'E',NULL,NULL,NULL,1000019);
INSERT INTO "trackitems" VALUES(NULL,NULL,'',NULL,15.0,NULL,1130.0,125.0,1145.0,NULL,NULL,NULL,NULL,NULL,'L',NULL,125.0,NULL,1000020);
INSERT INTO "trackitems" VALUES(NULL,NULL,'5',NULL,85.0,NULL,1215.0,125.0,1300.0,NULL,NULL,'DPT',NULL,NULL,'L',NULL,125.0,NULL,1000021);
INSERT INTO "trackitems" VALUES(NULL,NULL,NULL,NULL,NULL,NULL,1360.0,125.0,NULL,NULL,NULL,NULL,NULL,NULL,'E',NULL,NULL,NULL,1000022);
INSERT INTO "trackitems" VALUES(NULL,NULL,'',NULL,5.0,NULL,1175.0,100.0,1180.0,NULL,NULL,NULL,NULL,NULL,'L',NULL,100.0,NULL,1000023);
INSERT INTO "trackitems" VALUES(NULL,NULL,'6',NULL,80.0,NULL,1250.0,100.0,1300.0,NULL,NULL,'DPT',NULL,NULL,'L',NULL,100.0,NULL,1000024);
INSERT INTO "trackitems" VALUES(NULL,NULL,NULL,NULL,NULL,NULL,1360.0,100.0,NULL,NULL,NULL,NULL,NULL,NULL,'E',NULL,NULL,NULL,1000025);
INSERT INTO "trackitems" VALUES(NULL,NULL,'7',NULL,80.0,NULL,1270.0,75.0,1300.0,NULL,NULL,'DPT',NULL,NULL,'L',NULL,75.0,NULL,1000026);
INSERT INTO "trackitems" VALUES(NULL,NULL,NULL,NULL,NULL,NULL,1360.0,75.0,NULL,NULL,NULL,NULL,NULL,NULL,'E',NULL,NULL,NULL,1000027);
INSERT INTO "trackitems" VALUES(NULL,NULL,NULL,NULL,NULL,NULL,1300.0,75.0,NULL,0,NULL,NULL,NULL,NULL,'SB','77',NULL,NULL,1000028);
CREATE TABLE routes (routenum INTEGER PRIMARY KEY,beginsignal INTEGER,endsignal INTEGER,initialstate INTEGER);
INSERT INTO "routes" VALUES(1,72,73,NULL);
INSERT INTO "routes" VALUES(2,73,74,2);
INSERT INTO "routes" VALUES(3,74,75,2);
INSERT INTO "routes" VALUES(51,86,85,2);
INSERT INTO "routes" VALUES(52,85,84,2);
INSERT INTO "routes" VALUES(53,84,83,2);
INSERT INTO "routes" VALUES(54,83,81,NULL);
INSERT INTO "routes" VALUES(101,82,73,NULL);
INSERT INTO "routes" VALUES(102,83,71,NULL);
INSERT INTO "routes" VALUES(202,75,62,NULL);
INSERT INTO "routes" VALUES(203,75,52,NULL);
INSERT INTO "routes" VALUES(205,87,62,NULL);
INSERT INTO "routes" VALUES(206,87,52,NULL);
INSERT INTO "routes" VALUES(207,76,86,NULL);
INSERT INTO "routes" VALUES(208,61,86,NULL);
INSERT INTO "routes" VALUES(209,51,86,NULL);
INSERT INTO "routes" VALUES(210,87,32,NULL);
INSERT INTO "routes" VALUES(211,87,42,NULL);
INSERT INTO "routes" VALUES(212,31,86,NULL);
INSERT INTO "routes" VALUES(213,41,86,NULL);
INSERT INTO "routes" VALUES(214,82,87,0);
INSERT INTO "routes" VALUES(215,75,1000028,0);
INSERT INTO "routes" VALUES(216,87,1000028,0);
CREATE TABLE directions (routenum INTEGER,tiid INTEGER,direction INTEGER);
INSERT INTO "directions" VALUES(1,512,0);
INSERT INTO "directions" VALUES(1,511,0);
INSERT INTO "directions" VALUES(202,513,1);
INSERT INTO "directions" VALUES(202,551,1);
INSERT INTO "directions" VALUES(202,561,0);
INSERT INTO "directions" VALUES(203,513,1);
INSERT INTO "directions" VALUES(203,551,0);
INSERT INTO "directions" VALUES(205,513,0);
INSERT INTO "directions" VALUES(205,523,0);
INSERT INTO "directions" VALUES(205,551,1);
INSERT INTO "directions" VALUES(205,561,0);
INSERT INTO "directions" VALUES(206,513,0);
INSERT INTO "directions" VALUES(206,523,0);
INSERT INTO "directions" VALUES(206,551,0);
INSERT INTO "directions" VALUES(207,561,1);
INSERT INTO "directions" VALUES(207,523,0);
INSERT INTO "directions" VALUES(207,551,1);
INSERT INTO "directions" VALUES(207,513,0);
INSERT INTO "directions" VALUES(208,561,0);
INSERT INTO "directions" VALUES(208,523,0);
INSERT INTO "directions" VALUES(208,551,1);
INSERT INTO "directions" VALUES(208,513,0);
INSERT INTO "directions" VALUES(209,513,0);
INSERT INTO "directions" VALUES(209,523,0);
INSERT INTO "directions" VALUES(209,551,0);
INSERT INTO "directions" VALUES(210,523,1);
INSERT INTO "directions" VALUES(210,531,0);
INSERT INTO "directions" VALUES(211,523,1);
INSERT INTO "directions" VALUES(211,531,1);
INSERT INTO "directions" VALUES(212,531,0);
INSERT INTO "directions" VALUES(212,523,1);
INSERT INTO "directions" VALUES(213,531,1);
INSERT INTO "directions" VALUES(213,523,1);
INSERT INTO "directions" VALUES(214,521,0);
INSERT INTO "directions" VALUES(214,522,0);
INSERT INTO "directions" VALUES(215,513,1);
INSERT INTO "directions" VALUES(215,551,1);
INSERT INTO "directions" VALUES(215,561,1);
INSERT INTO "directions" VALUES(216,513,0);
INSERT INTO "directions" VALUES(216,523,0);
INSERT INTO "directions" VALUES(216,551,1);
INSERT INTO "directions" VALUES(216,561,1);
INSERT INTO "directions" VALUES(101,512,1);
INSERT INTO "directions" VALUES(101,521,1);
INSERT INTO "directions" VALUES(102,522,1);
INSERT INTO "directions" VALUES(102,511,1);
INSERT INTO "directions" VALUES(54,521,0);
INSERT INTO "directions" VALUES(54,522,0);
COMMIT;
