PRAGMA foreign_keys=OFF;
BEGIN TRANSACTION;
CREATE TABLE places (
                placecode VARCHAR(10),
                placename VARCHAR(50),
                x DOUBLE,
                y DOUBLE);
CREATE TABLE routeconflicts (
        routenum1 INTEGER,
        routenum2 INTEGER);
INSERT INTO "routeconflicts" VALUES(101,102);
CREATE TABLE options (
optionkey VARCHAR(30),
optionvalue VARCHAR(50));
INSERT INTO "options" VALUES('title','London Underground Waterloo & City line');
INSERT INTO "options" VALUES('defaultMinimumStopTime','30');
INSERT INTO "options" VALUES('description','This simulation is freely inspired from SimSig "Drain" simulation by G. Mayo.');
INSERT INTO "options" VALUES('timeFactor','1');
INSERT INTO "options" VALUES('defaultMaxSpeed','18.06');
INSERT INTO "options" VALUES('currentTime','06:00:00');
INSERT INTO "options" VALUES('warningSpeed','8.34');
CREATE TABLE trackitems (xn DOUBLE,trackcode VARCHAR(10),titype VARCHAR(5),timersw DOUBLE,yr DOUBLE,xr DOUBLE,reverse BOOLEAN,maxspeed DOUBLE,conflicttiid INTEGER,xf DOUBLE,timerwc DOUBLE,name VARCHAR(25) UNIQUE,yn DOUBLE,y DOUBLE,x DOUBLE,tiid INTEGER PRIMARY KEY,placecode VARCHAR(10),reallength DOUBLE,yf DOUBLE);
INSERT INTO "trackitems" VALUES(NULL,NULL,'A',NULL,NULL,NULL,NULL,NULL,NULL,NULL,NULL,'BANK',NULL,50.0,60.0,1,'BNK',NULL,NULL);
INSERT INTO "trackitems" VALUES(NULL,NULL,'A',NULL,NULL,NULL,NULL,NULL,NULL,NULL,NULL,'WATERLOO',NULL,50.0,950.0,2,'WTL',NULL,NULL);
INSERT INTO "trackitems" VALUES(NULL,NULL,'A',NULL,NULL,NULL,NULL,NULL,NULL,NULL,NULL,'DEPOT',NULL,50.0,1250.0,3,'DPT',NULL,NULL);
INSERT INTO "trackitems" VALUES(10.0,'7','LP',NULL,125.0,129.0,NULL,NULL,NULL,130.0,NULL,NULL,105.0,100.0,60.0,7,'BNK',80.0,100.0);
INSERT INTO "trackitems" VALUES(10.0,'8','LP',NULL,145.0,129.0,NULL,NULL,NULL,130.0,NULL,NULL,125.0,150.0,60.0,8,'BNK',80.0,150.0);
INSERT INTO "trackitems" VALUES(NULL,NULL,'S',NULL,NULL,NULL,1,NULL,NULL,NULL,NULL,'31',NULL,175.0,1215.0,31,NULL,NULL,NULL);
INSERT INTO "trackitems" VALUES(NULL,NULL,'SB',NULL,NULL,NULL,0,NULL,NULL,NULL,NULL,'32',NULL,175.0,1260.0,32,NULL,NULL,NULL);
INSERT INTO "trackitems" VALUES(NULL,NULL,'S',NULL,NULL,NULL,1,NULL,NULL,NULL,NULL,'41',NULL,200.0,1215.0,41,NULL,NULL,NULL);
INSERT INTO "trackitems" VALUES(NULL,NULL,'SB',NULL,NULL,NULL,0,NULL,NULL,NULL,NULL,'42',NULL,200.0,1260.0,42,NULL,NULL,NULL);
INSERT INTO "trackitems" VALUES(NULL,NULL,'S',NULL,NULL,NULL,1,NULL,NULL,NULL,NULL,'51',NULL,125.0,1215.0,51,NULL,NULL,NULL);
INSERT INTO "trackitems" VALUES(NULL,NULL,'SB',NULL,NULL,NULL,0,NULL,NULL,NULL,NULL,'52',NULL,125.0,1300.0,52,NULL,NULL,NULL);
INSERT INTO "trackitems" VALUES(NULL,NULL,'S',NULL,NULL,NULL,1,NULL,NULL,NULL,NULL,'61',NULL,100.0,1250.0,61,NULL,NULL,NULL);
INSERT INTO "trackitems" VALUES(NULL,NULL,'SB',NULL,NULL,NULL,0,NULL,NULL,NULL,NULL,'62',NULL,100.0,1300.0,62,NULL,NULL,NULL);
INSERT INTO "trackitems" VALUES(NULL,NULL,'SB',NULL,NULL,NULL,1,NULL,NULL,NULL,NULL,'71',NULL,100.0,60.0,71,NULL,NULL,NULL);
INSERT INTO "trackitems" VALUES(NULL,NULL,'S',NULL,NULL,NULL,0,NULL,NULL,NULL,NULL,'72',NULL,100.0,130.0,72,NULL,NULL,NULL);
INSERT INTO "trackitems" VALUES(NULL,NULL,'S',NULL,NULL,NULL,0,NULL,NULL,NULL,NULL,'73',NULL,100.0,450.0,73,NULL,NULL,NULL);
INSERT INTO "trackitems" VALUES(NULL,NULL,'S',NULL,NULL,NULL,0,NULL,NULL,NULL,NULL,'74',NULL,100.0,700.0,74,NULL,NULL,NULL);
INSERT INTO "trackitems" VALUES(NULL,NULL,'S',NULL,NULL,NULL,0,NULL,NULL,NULL,NULL,'75',NULL,100.0,1020.0,75,NULL,NULL,NULL);
INSERT INTO "trackitems" VALUES(NULL,NULL,'S',NULL,NULL,NULL,1,NULL,NULL,NULL,NULL,'76',NULL,75.0,1270.0,76,NULL,NULL,NULL);
INSERT INTO "trackitems" VALUES(NULL,NULL,'SB',NULL,NULL,NULL,1,NULL,NULL,NULL,NULL,'81',NULL,150.0,60.0,81,NULL,NULL,NULL);
INSERT INTO "trackitems" VALUES(NULL,NULL,'S',NULL,NULL,NULL,0,NULL,NULL,NULL,NULL,'82',NULL,150.0,130.0,82,NULL,NULL,NULL);
INSERT INTO "trackitems" VALUES(NULL,NULL,'S',NULL,NULL,NULL,1,NULL,NULL,NULL,NULL,'83',NULL,150.0,310.0,83,NULL,NULL,NULL);
INSERT INTO "trackitems" VALUES(NULL,NULL,'S',NULL,NULL,NULL,1,NULL,NULL,NULL,NULL,'84',NULL,150.0,510.0,84,NULL,NULL,NULL);
INSERT INTO "trackitems" VALUES(NULL,NULL,'S',NULL,NULL,NULL,1,NULL,NULL,NULL,NULL,'85',NULL,150.0,760.0,85,NULL,NULL,NULL);
INSERT INTO "trackitems" VALUES(NULL,NULL,'S',NULL,NULL,NULL,1,NULL,NULL,NULL,NULL,'86',NULL,150.0,950.0,86,NULL,NULL,NULL);
INSERT INTO "trackitems" VALUES(NULL,NULL,'S',NULL,NULL,NULL,0,NULL,NULL,NULL,NULL,'87',NULL,150.0,1020.0,87,NULL,NULL,NULL);
INSERT INTO "trackitems" VALUES(NULL,'','L',NULL,NULL,NULL,NULL,NULL,NULL,240.0,NULL,NULL,NULL,105.0,200.0,201,NULL,5.65685424949238040408e+01,145.0);
INSERT INTO "trackitems" VALUES(NULL,'','L',NULL,NULL,NULL,NULL,NULL,NULL,240.0,NULL,NULL,NULL,145.0,200.0,202,NULL,5.65685424949238040408e+01,105.0);
INSERT INTO "trackitems" VALUES(NULL,'','L',NULL,NULL,NULL,NULL,NULL,NULL,1120.0,NULL,NULL,NULL,100.0,1100.0,203,NULL,2.82842712474619020204e+01,120.0);
INSERT INTO "trackitems" VALUES(NULL,'','L',NULL,NULL,NULL,NULL,NULL,NULL,1120.0,NULL,NULL,NULL,155.0,1100.0,204,NULL,2.82842712474619020204e+01,175.0);
INSERT INTO "trackitems" VALUES(NULL,'','L',NULL,NULL,NULL,NULL,NULL,NULL,1175.0,NULL,NULL,NULL,120.0,1155.0,205,NULL,2.82842712474619020204e+01,100.0);
INSERT INTO "trackitems" VALUES(NULL,'','L',NULL,NULL,NULL,NULL,NULL,NULL,1210.0,NULL,NULL,NULL,95.0,1190.0,206,NULL,2.82842712474619020204e+01,75.0);
INSERT INTO "trackitems" VALUES(NULL,'','L',NULL,NULL,NULL,NULL,NULL,NULL,1155.0,NULL,NULL,NULL,180.0,1135.0,207,NULL,2.82842712474619020204e+01,200.0);
INSERT INTO "trackitems" VALUES(5.0,NULL,'P',NULL,5.0,5.0,NULL,NULL,NULL,-5.0,NULL,NULL,0.0,100.0,195.0,511,NULL,NULL,0.0);
INSERT INTO "trackitems" VALUES(-5.0,NULL,'P',NULL,5.0,-5.0,NULL,NULL,NULL,5.0,NULL,NULL,0.0,100.0,245.0,512,NULL,NULL,0.0);
INSERT INTO "trackitems" VALUES(-5.0,NULL,'P',NULL,-5.0,-5.0,NULL,NULL,NULL,5.0,NULL,NULL,5.0,125.0,1125.0,513,NULL,NULL,0.0);
INSERT INTO "trackitems" VALUES(5.0,NULL,'P',NULL,-5.0,5.0,NULL,NULL,NULL,-5.0,NULL,NULL,0.0,150.0,195.0,521,NULL,NULL,0.0);
INSERT INTO "trackitems" VALUES(-5.0,NULL,'P',NULL,-5.0,-5.0,NULL,NULL,NULL,5.0,NULL,NULL,0.0,150.0,245.0,522,NULL,NULL,0.0);
INSERT INTO "trackitems" VALUES(5.0,NULL,'P',NULL,5.0,5.0,NULL,NULL,NULL,-5.0,NULL,NULL,0.0,150.0,1095.0,523,NULL,NULL,0.0);
INSERT INTO "trackitems" VALUES(5.0,NULL,'P',NULL,5.0,5.0,NULL,NULL,NULL,-5.0,NULL,NULL,0.0,175.0,1130.0,531,NULL,NULL,0.0);
INSERT INTO "trackitems" VALUES(5.0,NULL,'P',NULL,-5.0,5.0,NULL,NULL,NULL,-5.0,NULL,NULL,0.0,125.0,1150.0,551,NULL,NULL,0.0);
INSERT INTO "trackitems" VALUES(5.0,NULL,'P',NULL,-5.0,5.0,NULL,NULL,NULL,-5.0,NULL,NULL,0.0,100.0,1185.0,561,NULL,NULL,0.0);
INSERT INTO "trackitems" VALUES(NULL,NULL,'E',NULL,NULL,NULL,NULL,NULL,NULL,NULL,NULL,NULL,NULL,150.0,0.0,601,NULL,NULL,NULL);
INSERT INTO "trackitems" VALUES(NULL,NULL,'E',NULL,NULL,NULL,NULL,NULL,NULL,NULL,NULL,NULL,NULL,100.0,0.0,1000000,NULL,NULL,NULL);
INSERT INTO "trackitems" VALUES(NULL,'','L',NULL,NULL,NULL,NULL,NULL,NULL,240.0,NULL,NULL,NULL,100.0,200.0,1000001,NULL,40.0,100.0);
INSERT INTO "trackitems" VALUES(NULL,'','L',NULL,NULL,NULL,NULL,NULL,NULL,240.0,NULL,NULL,NULL,150.0,200.0,1000002,NULL,40.0,150.0);
INSERT INTO "trackitems" VALUES(NULL,'','L',NULL,NULL,NULL,NULL,NULL,NULL,450.0,NULL,NULL,NULL,100.0,250.0,1000003,NULL,700.0,100.0);
INSERT INTO "trackitems" VALUES(NULL,'','L',NULL,NULL,NULL,NULL,NULL,NULL,700.0,NULL,NULL,NULL,100.0,510.0,1000004,NULL,700.0,100.0);
INSERT INTO "trackitems" VALUES(NULL,'','L',NULL,NULL,NULL,NULL,NULL,NULL,950.0,NULL,NULL,NULL,100.0,760.0,1000005,NULL,700.0,100.0);
INSERT INTO "trackitems" VALUES(NULL,'','L',NULL,NULL,NULL,NULL,NULL,NULL,450.0,NULL,NULL,NULL,150.0,310.0,1000006,NULL,700.0,150.0);
INSERT INTO "trackitems" VALUES(NULL,'','L',NULL,NULL,NULL,NULL,NULL,NULL,700.0,NULL,NULL,NULL,150.0,510.0,1000007,NULL,700.0,150.0);
INSERT INTO "trackitems" VALUES(NULL,'','L',NULL,NULL,NULL,NULL,NULL,NULL,890.0,NULL,NULL,NULL,150.0,760.0,1000008,NULL,700.0,150.0);
INSERT INTO "trackitems" VALUES(950.0,'26','LP',NULL,95.0,1019.0,NULL,NULL,NULL,1020.0,NULL,NULL,80.0,100.0,950.0,1000009,'WTL',80.0,100.0);
INSERT INTO "trackitems" VALUES(950.0,'25','LP',NULL,170.0,1019.0,NULL,NULL,NULL,1020.0,NULL,NULL,155.0,150.0,950.0,1000010,'WTL',80.0,150.0);
INSERT INTO "trackitems" VALUES(NULL,'','L',NULL,NULL,NULL,NULL,NULL,NULL,1100.0,NULL,NULL,NULL,100.0,1080.0,1000011,NULL,20.0,100.0);
INSERT INTO "trackitems" VALUES(NULL,'','L',NULL,NULL,NULL,NULL,NULL,NULL,1090.0,NULL,NULL,NULL,150.0,1080.0,1000012,NULL,10.0,150.0);
INSERT INTO "trackitems" VALUES(NULL,'','L',NULL,NULL,NULL,NULL,NULL,NULL,1120.0,NULL,NULL,NULL,150.0,1100.0,1000013,NULL,2.82842712474619020204e+01,130.0);
INSERT INTO "trackitems" VALUES(NULL,'','L',NULL,NULL,NULL,NULL,NULL,NULL,1125.0,NULL,NULL,NULL,175.0,1120.0,1000014,NULL,5.0,175.0);
INSERT INTO "trackitems" VALUES(NULL,'','L',NULL,NULL,NULL,NULL,NULL,NULL,1155.0,NULL,NULL,NULL,175.0,1135.0,1000015,NULL,70.0,175.0);
INSERT INTO "trackitems" VALUES(NULL,'','L',NULL,NULL,NULL,NULL,NULL,NULL,1260.0,NULL,NULL,NULL,175.0,1215.0,1000016,NULL,45.0,175.0);
INSERT INTO "trackitems" VALUES(NULL,NULL,'E',NULL,NULL,NULL,NULL,NULL,NULL,NULL,NULL,NULL,NULL,175.0,1320.0,1000017,NULL,NULL,NULL);
INSERT INTO "trackitems" VALUES(NULL,'','L',NULL,NULL,NULL,NULL,NULL,NULL,1260.0,NULL,NULL,NULL,200.0,1215.0,1000018,NULL,70.0,200.0);
INSERT INTO "trackitems" VALUES(NULL,NULL,'E',NULL,NULL,NULL,NULL,NULL,NULL,NULL,NULL,NULL,NULL,200.0,1320.0,1000019,NULL,NULL,NULL);
INSERT INTO "trackitems" VALUES(NULL,'','L',NULL,NULL,NULL,NULL,NULL,NULL,1145.0,NULL,NULL,NULL,125.0,1130.0,1000020,NULL,15.0,125.0);
INSERT INTO "trackitems" VALUES(NULL,'5','L',NULL,NULL,NULL,NULL,NULL,NULL,1300.0,NULL,NULL,NULL,125.0,1215.0,1000021,'DPT',85.0,125.0);
INSERT INTO "trackitems" VALUES(NULL,NULL,'E',NULL,NULL,NULL,NULL,NULL,NULL,NULL,NULL,NULL,NULL,125.0,1360.0,1000022,NULL,NULL,NULL);
INSERT INTO "trackitems" VALUES(NULL,'','L',NULL,NULL,NULL,NULL,NULL,NULL,1180.0,NULL,NULL,NULL,100.0,1175.0,1000023,NULL,5.0,100.0);
INSERT INTO "trackitems" VALUES(NULL,'6','L',NULL,NULL,NULL,NULL,NULL,NULL,1300.0,NULL,NULL,NULL,100.0,1250.0,1000024,'DPT',80.0,100.0);
INSERT INTO "trackitems" VALUES(NULL,NULL,'E',NULL,NULL,NULL,NULL,NULL,NULL,NULL,NULL,NULL,NULL,100.0,1360.0,1000025,NULL,NULL,NULL);
INSERT INTO "trackitems" VALUES(NULL,'7','L',NULL,NULL,NULL,NULL,NULL,NULL,1300.0,NULL,NULL,NULL,75.0,1270.0,1000026,'DPT',80.0,75.0);
INSERT INTO "trackitems" VALUES(NULL,NULL,'E',NULL,NULL,NULL,NULL,NULL,NULL,NULL,NULL,NULL,NULL,75.0,1360.0,1000027,NULL,NULL,NULL);
INSERT INTO "trackitems" VALUES(NULL,NULL,'SB',NULL,NULL,NULL,0,NULL,NULL,NULL,NULL,'77',NULL,75.0,1300.0,1000028,NULL,NULL,NULL);
CREATE TABLE routes (
routenum INTEGER PRIMARY KEY,
beginsignal INTEGER,
endsignal INTEGER,
initialstate INTEGER);
INSERT INTO "routes" VALUES(1,72,73,1);
INSERT INTO "routes" VALUES(2,73,74,2);
INSERT INTO "routes" VALUES(3,74,75,2);
INSERT INTO "routes" VALUES(51,86,85,2);
INSERT INTO "routes" VALUES(52,85,84,2);
INSERT INTO "routes" VALUES(53,84,83,2);
INSERT INTO "routes" VALUES(54,83,81,NULL);
INSERT INTO "routes" VALUES(101,82,73,NULL);
INSERT INTO "routes" VALUES(102,83,71,NULL);
INSERT INTO "routes" VALUES(202,75,62,NULL);
INSERT INTO "routes" VALUES(203,75,52,1);
INSERT INTO "routes" VALUES(205,87,62,NULL);
INSERT INTO "routes" VALUES(206,87,52,NULL);
INSERT INTO "routes" VALUES(207,76,86,NULL);
INSERT INTO "routes" VALUES(208,61,86,NULL);
INSERT INTO "routes" VALUES(209,51,86,NULL);
INSERT INTO "routes" VALUES(210,87,32,NULL);
INSERT INTO "routes" VALUES(211,87,42,NULL);
INSERT INTO "routes" VALUES(212,31,86,NULL);
INSERT INTO "routes" VALUES(213,41,86,NULL);
INSERT INTO "routes" VALUES(215,75,1000028,0);
INSERT INTO "routes" VALUES(216,87,1000028,0);
CREATE TABLE directions (
routenum INTEGER,
tiid INTEGER,
direction INTEGER);
INSERT INTO "directions" VALUES(1,512,0);
INSERT INTO "directions" VALUES(1,511,0);
INSERT INTO "directions" VALUES(202,513,1);
INSERT INTO "directions" VALUES(202,561,0);
INSERT INTO "directions" VALUES(202,551,1);
INSERT INTO "directions" VALUES(203,513,1);
INSERT INTO "directions" VALUES(203,551,0);
INSERT INTO "directions" VALUES(205,513,0);
INSERT INTO "directions" VALUES(205,523,0);
INSERT INTO "directions" VALUES(205,561,0);
INSERT INTO "directions" VALUES(205,551,1);
INSERT INTO "directions" VALUES(206,513,0);
INSERT INTO "directions" VALUES(206,523,0);
INSERT INTO "directions" VALUES(206,551,0);
INSERT INTO "directions" VALUES(207,561,1);
INSERT INTO "directions" VALUES(207,523,0);
INSERT INTO "directions" VALUES(207,513,0);
INSERT INTO "directions" VALUES(207,551,1);
INSERT INTO "directions" VALUES(208,561,0);
INSERT INTO "directions" VALUES(208,523,0);
INSERT INTO "directions" VALUES(208,513,0);
INSERT INTO "directions" VALUES(208,551,1);
INSERT INTO "directions" VALUES(209,513,0);
INSERT INTO "directions" VALUES(209,523,0);
INSERT INTO "directions" VALUES(209,551,0);
INSERT INTO "directions" VALUES(210,531,0);
INSERT INTO "directions" VALUES(210,523,1);
INSERT INTO "directions" VALUES(211,531,1);
INSERT INTO "directions" VALUES(211,523,1);
INSERT INTO "directions" VALUES(212,523,1);
INSERT INTO "directions" VALUES(212,531,0);
INSERT INTO "directions" VALUES(213,523,1);
INSERT INTO "directions" VALUES(213,531,1);
INSERT INTO "directions" VALUES(215,513,1);
INSERT INTO "directions" VALUES(215,561,1);
INSERT INTO "directions" VALUES(215,551,1);
INSERT INTO "directions" VALUES(216,513,0);
INSERT INTO "directions" VALUES(216,523,0);
INSERT INTO "directions" VALUES(216,561,1);
INSERT INTO "directions" VALUES(216,551,1);
INSERT INTO "directions" VALUES(101,512,1);
INSERT INTO "directions" VALUES(101,521,1);
INSERT INTO "directions" VALUES(102,522,1);
INSERT INTO "directions" VALUES(102,511,1);
INSERT INTO "directions" VALUES(54,521,0);
INSERT INTO "directions" VALUES(54,522,0);
CREATE TABLE traintypes (
code VARCHAR(10),
description VARCHAR(200),
maxspeed DOUBLE,
stdaccel DOUBLE,
stdbraking DOUBLE,
emergbraking DOUBLE,
tlength DOUBLE);
INSERT INTO "traintypes" VALUES('UT','Underground train',25.0,0.5,0.5,1.5,70.0);
CREATE TABLE services (
servicecode VARCHAR(10),
description VARCHAR(200),
nextservice VARCHAR(10),
autoreverse BOOLEAN);
INSERT INTO "services" VALUES('WB08','WATERLOO->BANK','','');
INSERT INTO "services" VALUES('BW08','BANK->WATERLOO','',1);
INSERT INTO "services" VALUES('BW01','BANK->WATERLOO','WB02',1);
INSERT INTO "services" VALUES('BW03','BANK->WATERLOO','WB04',1);
INSERT INTO "services" VALUES('BW02','BANK->WATERLOO','WB03',1);
INSERT INTO "services" VALUES('BW05','BANK->WATERLOO','WB06',1);
INSERT INTO "services" VALUES('BW04','BANK->WATERLOO','WB05',1);
INSERT INTO "services" VALUES('BW07','BANK->WATERLOO','WB08',1);
INSERT INTO "services" VALUES('BW06','BANK->WATERLOO','WB07',1);
INSERT INTO "services" VALUES('WB03','WATERLOO->BANK','BW05',1);
INSERT INTO "services" VALUES('WB02','WATERLOO->BANK','BW04',1);
INSERT INTO "services" VALUES('WB01','WATERLOO->BANK','BW03',1);
INSERT INTO "services" VALUES('WB07','WATERLOO->BANK','',1);
INSERT INTO "services" VALUES('WB06','WATERLOO->BANK','BW08',1);
INSERT INTO "services" VALUES('WB05','WATERLOO->BANK','BW07',1);
INSERT INTO "services" VALUES('WB04','WATERLOO->BANK','BW06',1);
CREATE TABLE servicelines (
servicecode VARCHAR(10),
placecode VARCHAR(10),
scheduledarrivaltime TIME,
scheduleddeparturetime TIME,
trackcode VARCHAR(10),
stop BOOLEAN);
INSERT INTO "servicelines" VALUES('WB08','WTL','','06:40:00','25',1);
INSERT INTO "servicelines" VALUES('WB08','BNK','06:42:30','06:43:00','8',1);
INSERT INTO "servicelines" VALUES('BW08','BNK','','06:35:30','8',1);
INSERT INTO "servicelines" VALUES('BW08','WTL','06:38:00','06:40:00','26',1);
INSERT INTO "servicelines" VALUES('BW08','DPT','06:40:30','06:41:00','5',1);
INSERT INTO "servicelines" VALUES('BW01','BNK','','06:00:30','7',1);
INSERT INTO "servicelines" VALUES('BW01','WTL','06:03:00','06:05:00','26',1);
INSERT INTO "servicelines" VALUES('BW01','DPT','06:05:30','06:06:00','5',1);
INSERT INTO "servicelines" VALUES('BW03','BNK','','06:10:30','7',1);
INSERT INTO "servicelines" VALUES('BW03','WTL','06:13:00','06:15:00','26',1);
INSERT INTO "servicelines" VALUES('BW03','DPT','06:15:30','06:16:00','5',1);
INSERT INTO "servicelines" VALUES('BW02','BNK','','06:05:30','8',1);
INSERT INTO "servicelines" VALUES('BW02','WTL','06:08:00','06:10:00','26',1);
INSERT INTO "servicelines" VALUES('BW02','DPT','06:10:30','06:11:00','5',1);
INSERT INTO "servicelines" VALUES('BW05','BNK','','06:20:30','7',1);
INSERT INTO "servicelines" VALUES('BW05','WTL','06:23:00','06:25:00','26',1);
INSERT INTO "servicelines" VALUES('BW05','DPT','06:25:30','06:26:00','5',1);
INSERT INTO "servicelines" VALUES('BW04','BNK','','06:15:30','8',1);
INSERT INTO "servicelines" VALUES('BW04','WTL','06:18:00','06:20:00','26',1);
INSERT INTO "servicelines" VALUES('BW04','DPT','06:20:30','06:21:00','5',1);
INSERT INTO "servicelines" VALUES('BW07','BNK','','06:30:30','7',1);
INSERT INTO "servicelines" VALUES('BW07','WTL','06:33:00','06:35:00','26',1);
INSERT INTO "servicelines" VALUES('BW07','DPT','06:35:30','06:36:00','5',1);
INSERT INTO "servicelines" VALUES('BW06','BNK','','06:25:30','8',1);
INSERT INTO "servicelines" VALUES('BW06','WTL','06:28:00','06:30:00','26',1);
INSERT INTO "servicelines" VALUES('BW06','DPT','06:30:30','06:31:00','5',1);
INSERT INTO "servicelines" VALUES('WB03','WTL','','06:15:00','25',1);
INSERT INTO "servicelines" VALUES('WB03','BNK','06:17:30','06:18:00','7',1);
INSERT INTO "servicelines" VALUES('WB02','WTL','','06:10:00','25',1);
INSERT INTO "servicelines" VALUES('WB02','BNK','06:12:30','06:13:00','8',1);
INSERT INTO "servicelines" VALUES('WB01','WTL','','06:05:00','25',1);
INSERT INTO "servicelines" VALUES('WB01','BNK','06:07:30','06:08:00','7',1);
INSERT INTO "servicelines" VALUES('WB07','WTL','','06:35:00','25',1);
INSERT INTO "servicelines" VALUES('WB07','BNK','06:37:30','06:38:00','7',1);
INSERT INTO "servicelines" VALUES('WB06','WTL','','06:30:00','25',1);
INSERT INTO "servicelines" VALUES('WB06','BNK','06:32:30','06:33:00','8',1);
INSERT INTO "servicelines" VALUES('WB05','WTL','','06:25:00','25',1);
INSERT INTO "servicelines" VALUES('WB05','BNK','06:27:30','06:28:00','7',1);
INSERT INTO "servicelines" VALUES('WB04','WTL','','06:20:00','25',1);
INSERT INTO "servicelines" VALUES('WB04','BNK','06:22:30','06:23:00','8',1);
CREATE TABLE trains (
servicecode VARCHAR(10),
traintype VARCHAR(10),
speed DOUBLE,
tiid INTEGER,
previoustiid INTEGER,
posonti DOUBLE,
appeartime TIME);
INSERT INTO "trains" VALUES('BW01','UT',0.0,7,71,79.0,'00:00:00');
INSERT INTO "trains" VALUES('BW02','UT',0.0,8,81,79.0,'00:00:00');
INSERT INTO "trains" VALUES('WB01','UT',0.0,1000010,87,79.0,'00:00:00');
COMMIT;
