PRAGMA foreign_keys=OFF;
BEGIN TRANSACTION;
CREATE TABLE places (
		placecode VARCHAR(10),
		placename VARCHAR(50),
		x DOUBLE,
		y DOUBLE);
CREATE TABLE routeconflicts (
        routenum1 INTEGER,
        routenum2 INTEGER);
INSERT INTO "routeconflicts" VALUES(101,102);
CREATE TABLE options (
optionkey VARCHAR(30),
optionvalue VARCHAR(50));
INSERT INTO "options" VALUES('title','London Underground Waterloo & City line');
INSERT INTO "options" VALUES('timeFactor','5');
INSERT INTO "options" VALUES('description','This simulation is freely inspired from SimSig "Drain" simulation by G. Mayo.');
INSERT INTO "options" VALUES('currentTime','06:00:00');
INSERT INTO "options" VALUES('defaultMaxSpeed','18.06');
INSERT INTO "options" VALUES('version','0.4');
INSERT INTO "options" VALUES('defaultMinimumStopTime','30');
INSERT INTO "options" VALUES('warningSpeed','8.34');
CREATE TABLE trackitems (conflicttiid INTEGER,x DOUBLE,tiid INTEGER PRIMARY KEY,ptiid INTEGER,reallength DOUBLE,name VARCHAR(100),placecode VARCHAR(10),ntiid INTEGER,y DOUBLE,yr DOUBLE,xr DOUBLE,yn DOUBLE,rtiid INTEGER,timersw DOUBLE,maxspeed DOUBLE,yf DOUBLE,xf DOUBLE,timerwc DOUBLE,xn DOUBLE,reverse BOOLEAN,trackcode VARCHAR(10),titype VARCHAR(5));
INSERT INTO "trackitems" VALUES(NULL,60.0,1,NULL,NULL,'BANK','BNK',NULL,50.0,NULL,NULL,NULL,NULL,NULL,0.0,NULL,NULL,NULL,NULL,NULL,NULL,'A');
INSERT INTO "trackitems" VALUES(NULL,950.0,2,NULL,NULL,'WATERLOO','WTL',NULL,50.0,NULL,NULL,NULL,NULL,NULL,0.0,NULL,NULL,NULL,NULL,NULL,NULL,'A');
INSERT INTO "trackitems" VALUES(NULL,1250.0,3,NULL,NULL,'DEPOT','DPT',NULL,50.0,NULL,NULL,NULL,NULL,NULL,0.0,NULL,NULL,NULL,NULL,NULL,NULL,'A');
INSERT INTO "trackitems" VALUES(NULL,60.0,7,71,80.0,NULL,'BNK',72,100.0,125.0,129.0,105.0,NULL,NULL,0.0,100.0,130.0,NULL,10.0,NULL,'7','LP');
INSERT INTO "trackitems" VALUES(NULL,60.0,8,81,80.0,NULL,'BNK',82,150.0,145.0,129.0,125.0,NULL,NULL,0.0,150.0,130.0,NULL,10.0,NULL,'8','LP');
INSERT INTO "trackitems" VALUES(NULL,1215.0,31,1000016,NULL,'31',NULL,1000015,175.0,NULL,NULL,NULL,NULL,NULL,0.0,NULL,NULL,NULL,NULL,1,NULL,'S');
INSERT INTO "trackitems" VALUES(NULL,1260.0,32,1000016,NULL,'32',NULL,1000017,175.0,NULL,NULL,NULL,NULL,NULL,0.0,NULL,NULL,NULL,NULL,0,NULL,'SB');
INSERT INTO "trackitems" VALUES(NULL,1215.0,41,1000018,NULL,'41',NULL,207,200.0,NULL,NULL,NULL,NULL,NULL,0.0,NULL,NULL,NULL,NULL,1,NULL,'S');
INSERT INTO "trackitems" VALUES(NULL,1260.0,42,1000018,NULL,'42',NULL,1000019,200.0,NULL,NULL,NULL,NULL,NULL,0.0,NULL,NULL,NULL,NULL,0,NULL,'SB');
INSERT INTO "trackitems" VALUES(NULL,1215.0,51,1000021,NULL,'51',NULL,551,125.0,NULL,NULL,NULL,NULL,NULL,0.0,NULL,NULL,NULL,NULL,1,NULL,'S');
INSERT INTO "trackitems" VALUES(NULL,1300.0,52,1000021,NULL,'52',NULL,1000022,125.0,NULL,NULL,NULL,NULL,NULL,0.0,NULL,NULL,NULL,NULL,0,NULL,'SB');
INSERT INTO "trackitems" VALUES(NULL,1250.0,61,1000024,NULL,'61',NULL,561,100.0,NULL,NULL,NULL,NULL,NULL,0.0,NULL,NULL,NULL,NULL,1,NULL,'S');
INSERT INTO "trackitems" VALUES(NULL,1300.0,62,1000024,NULL,'62',NULL,1000025,100.0,NULL,NULL,NULL,NULL,NULL,0.0,NULL,NULL,NULL,NULL,0,NULL,'SB');
INSERT INTO "trackitems" VALUES(NULL,60.0,71,7,NULL,'71',NULL,1000000,100.0,NULL,NULL,NULL,NULL,NULL,0.0,NULL,NULL,NULL,NULL,1,NULL,'SB');
INSERT INTO "trackitems" VALUES(NULL,130.0,72,7,NULL,'72',NULL,511,100.0,NULL,NULL,NULL,NULL,NULL,0.0,NULL,NULL,NULL,NULL,0,NULL,'S');
INSERT INTO "trackitems" VALUES(NULL,450.0,73,1000003,NULL,'73',NULL,1000004,100.0,NULL,NULL,NULL,NULL,NULL,0.0,NULL,NULL,NULL,NULL,0,NULL,'S');
INSERT INTO "trackitems" VALUES(NULL,700.0,74,1000004,NULL,'74',NULL,1000005,100.0,NULL,NULL,NULL,NULL,NULL,0.0,NULL,NULL,NULL,NULL,0,NULL,'S');
INSERT INTO "trackitems" VALUES(NULL,1020.0,75,1000009,NULL,'75',NULL,1000011,100.0,NULL,NULL,NULL,NULL,NULL,0.0,NULL,NULL,NULL,NULL,0,NULL,'S');
INSERT INTO "trackitems" VALUES(NULL,1270.0,76,1000026,NULL,'76',NULL,206,75.0,NULL,NULL,NULL,NULL,NULL,0.0,NULL,NULL,NULL,NULL,1,NULL,'S');
INSERT INTO "trackitems" VALUES(NULL,60.0,81,8,NULL,'81',NULL,601,150.0,NULL,NULL,NULL,NULL,NULL,0.0,NULL,NULL,NULL,NULL,1,NULL,'SB');
INSERT INTO "trackitems" VALUES(NULL,130.0,82,8,NULL,'82',NULL,521,150.0,NULL,NULL,NULL,NULL,NULL,0.0,NULL,NULL,NULL,NULL,0,NULL,'S');
INSERT INTO "trackitems" VALUES(NULL,310.0,83,1000006,NULL,'83',NULL,522,150.0,NULL,NULL,NULL,NULL,NULL,0.0,NULL,NULL,NULL,NULL,1,NULL,'S');
INSERT INTO "trackitems" VALUES(NULL,510.0,84,1000007,NULL,'84',NULL,1000006,150.0,NULL,NULL,NULL,NULL,NULL,0.0,NULL,NULL,NULL,NULL,1,NULL,'S');
INSERT INTO "trackitems" VALUES(NULL,760.0,85,1000008,NULL,'85',NULL,1000007,150.0,NULL,NULL,NULL,NULL,NULL,0.0,NULL,NULL,NULL,NULL,1,NULL,'S');
INSERT INTO "trackitems" VALUES(NULL,950.0,86,1000010,NULL,'86',NULL,1000008,150.0,NULL,NULL,NULL,NULL,NULL,0.0,NULL,NULL,NULL,NULL,1,NULL,'S');
INSERT INTO "trackitems" VALUES(NULL,1020.0,87,1000010,NULL,'87',NULL,1000012,150.0,NULL,NULL,NULL,NULL,NULL,0.0,NULL,NULL,NULL,NULL,0,NULL,'S');
INSERT INTO "trackitems" VALUES(NULL,200.0,201,511,5.65685424949238040408e+01,NULL,NULL,522,105.0,NULL,NULL,NULL,NULL,NULL,0.0,145.0,240.0,NULL,NULL,NULL,'','L');
INSERT INTO "trackitems" VALUES(NULL,200.0,202,521,5.65685424949238040408e+01,NULL,NULL,512,145.0,NULL,NULL,NULL,NULL,NULL,0.0,105.0,240.0,NULL,NULL,NULL,'','L');
INSERT INTO "trackitems" VALUES(NULL,1100.0,203,1000011,2.82842712474619020204e+01,NULL,NULL,513,100.0,NULL,NULL,NULL,NULL,NULL,0.0,120.0,1120.0,NULL,NULL,NULL,'','L');
INSERT INTO "trackitems" VALUES(NULL,1100.0,204,523,2.82842712474619020204e+01,NULL,NULL,1000014,155.0,NULL,NULL,NULL,NULL,NULL,0.0,175.0,1120.0,NULL,NULL,NULL,'','L');
INSERT INTO "trackitems" VALUES(NULL,1155.0,205,551,2.82842712474619020204e+01,NULL,NULL,1000023,120.0,NULL,NULL,NULL,NULL,NULL,0.0,100.0,1175.0,NULL,NULL,NULL,'','L');
INSERT INTO "trackitems" VALUES(NULL,1190.0,206,561,2.82842712474619020204e+01,NULL,NULL,76,95.0,NULL,NULL,NULL,NULL,NULL,0.0,75.0,1210.0,NULL,NULL,NULL,'','L');
INSERT INTO "trackitems" VALUES(NULL,1135.0,207,531,2.82842712474619020204e+01,NULL,NULL,41,180.0,NULL,NULL,NULL,NULL,NULL,0.0,200.0,1155.0,NULL,NULL,NULL,'','L');
INSERT INTO "trackitems" VALUES(NULL,195.0,511,72,NULL,NULL,NULL,1000001,100.0,5.0,5.0,0.0,201,NULL,0.0,0.0,-5.0,NULL,5.0,NULL,NULL,'P');
INSERT INTO "trackitems" VALUES(NULL,245.0,512,1000003,NULL,NULL,NULL,1000001,100.0,5.0,-5.0,0.0,202,NULL,0.0,0.0,5.0,NULL,-5.0,NULL,NULL,'P');
INSERT INTO "trackitems" VALUES(NULL,1125.0,513,1000020,NULL,NULL,NULL,1000013,125.0,-5.0,-5.0,5.0,203,NULL,0.0,0.0,5.0,NULL,-5.0,NULL,NULL,'P');
INSERT INTO "trackitems" VALUES(NULL,195.0,521,82,NULL,NULL,NULL,1000002,150.0,-5.0,5.0,0.0,202,NULL,0.0,0.0,-5.0,NULL,5.0,NULL,NULL,'P');
INSERT INTO "trackitems" VALUES(NULL,245.0,522,83,NULL,NULL,NULL,1000002,150.0,-5.0,-5.0,0.0,201,NULL,0.0,0.0,5.0,NULL,-5.0,NULL,NULL,'P');
INSERT INTO "trackitems" VALUES(NULL,1095.0,523,1000012,NULL,NULL,NULL,1000013,150.0,5.0,5.0,0.0,204,NULL,0.0,0.0,-5.0,NULL,5.0,NULL,NULL,'P');
INSERT INTO "trackitems" VALUES(NULL,1130.0,531,1000014,NULL,NULL,NULL,1000015,175.0,5.0,5.0,0.0,207,NULL,0.0,0.0,-5.0,NULL,5.0,NULL,NULL,'P');
INSERT INTO "trackitems" VALUES(NULL,1150.0,551,1000020,NULL,NULL,NULL,51,125.0,-5.0,5.0,0.0,205,NULL,0.0,0.0,-5.0,NULL,5.0,NULL,NULL,'P');
INSERT INTO "trackitems" VALUES(NULL,1185.0,561,1000023,NULL,NULL,NULL,61,100.0,-5.0,5.0,0.0,206,NULL,0.0,0.0,-5.0,NULL,5.0,NULL,NULL,'P');
INSERT INTO "trackitems" VALUES(NULL,0.0,601,81,NULL,NULL,NULL,1000019,150.0,NULL,NULL,NULL,NULL,NULL,0.0,NULL,NULL,NULL,NULL,NULL,NULL,'E');
INSERT INTO "trackitems" VALUES(NULL,0.0,1000000,71,NULL,NULL,NULL,601,100.0,NULL,NULL,NULL,NULL,NULL,0.0,NULL,NULL,NULL,NULL,NULL,NULL,'E');
INSERT INTO "trackitems" VALUES(NULL,200.0,1000001,511,40.0,NULL,NULL,512,100.0,NULL,NULL,NULL,NULL,NULL,0.0,100.0,240.0,NULL,NULL,NULL,'','L');
INSERT INTO "trackitems" VALUES(NULL,200.0,1000002,521,40.0,NULL,NULL,522,150.0,NULL,NULL,NULL,NULL,NULL,0.0,150.0,240.0,NULL,NULL,NULL,'','L');
INSERT INTO "trackitems" VALUES(NULL,250.0,1000003,512,700.0,NULL,NULL,73,100.0,NULL,NULL,NULL,NULL,NULL,0.0,100.0,450.0,NULL,NULL,NULL,'','L');
INSERT INTO "trackitems" VALUES(NULL,510.0,1000004,73,700.0,NULL,NULL,74,100.0,NULL,NULL,NULL,NULL,NULL,0.0,100.0,700.0,NULL,NULL,NULL,'','L');
INSERT INTO "trackitems" VALUES(NULL,760.0,1000005,74,700.0,NULL,NULL,1000009,100.0,NULL,NULL,NULL,NULL,NULL,0.0,100.0,950.0,NULL,NULL,NULL,'','L');
INSERT INTO "trackitems" VALUES(NULL,310.0,1000006,83,700.0,NULL,NULL,84,150.0,NULL,NULL,NULL,NULL,NULL,0.0,150.0,450.0,NULL,NULL,NULL,'','L');
INSERT INTO "trackitems" VALUES(NULL,510.0,1000007,84,700.0,NULL,NULL,85,150.0,NULL,NULL,NULL,NULL,NULL,0.0,150.0,700.0,NULL,NULL,NULL,'','L');
INSERT INTO "trackitems" VALUES(NULL,760.0,1000008,85,700.0,NULL,NULL,86,150.0,NULL,NULL,NULL,NULL,NULL,0.0,150.0,890.0,NULL,NULL,NULL,'','L');
INSERT INTO "trackitems" VALUES(NULL,950.0,1000009,1000005,80.0,NULL,'WTL',75,100.0,95.0,1019.0,80.0,NULL,NULL,0.0,100.0,1020.0,NULL,950.0,NULL,'26','LP');
INSERT INTO "trackitems" VALUES(NULL,950.0,1000010,86,80.0,NULL,'WTL',87,150.0,170.0,1019.0,155.0,NULL,NULL,0.0,150.0,1020.0,NULL,950.0,NULL,'25','LP');
INSERT INTO "trackitems" VALUES(NULL,1080.0,1000011,75,20.0,NULL,NULL,203,100.0,NULL,NULL,NULL,NULL,NULL,0.0,100.0,1100.0,NULL,NULL,NULL,'','L');
INSERT INTO "trackitems" VALUES(NULL,1080.0,1000012,87,10.0,NULL,NULL,523,150.0,NULL,NULL,NULL,NULL,NULL,0.0,150.0,1090.0,NULL,NULL,NULL,'','L');
INSERT INTO "trackitems" VALUES(NULL,1100.0,1000013,523,2.82842712474619020204e+01,NULL,NULL,513,150.0,NULL,NULL,NULL,NULL,NULL,0.0,130.0,1120.0,NULL,NULL,NULL,'','L');
INSERT INTO "trackitems" VALUES(NULL,1120.0,1000014,204,5.0,NULL,NULL,531,175.0,NULL,NULL,NULL,NULL,NULL,0.0,175.0,1125.0,NULL,NULL,NULL,'','L');
INSERT INTO "trackitems" VALUES(NULL,1135.0,1000015,531,70.0,NULL,NULL,31,175.0,NULL,NULL,NULL,NULL,NULL,0.0,175.0,1155.0,NULL,NULL,NULL,'','L');
INSERT INTO "trackitems" VALUES(NULL,1215.0,1000016,31,45.0,NULL,NULL,32,175.0,NULL,NULL,NULL,NULL,NULL,0.0,175.0,1260.0,NULL,NULL,NULL,'','L');
INSERT INTO "trackitems" VALUES(NULL,1320.0,1000017,32,NULL,NULL,NULL,1000019,175.0,NULL,NULL,NULL,NULL,NULL,0.0,NULL,NULL,NULL,NULL,NULL,NULL,'E');
INSERT INTO "trackitems" VALUES(NULL,1215.0,1000018,41,70.0,NULL,NULL,42,200.0,NULL,NULL,NULL,NULL,NULL,0.0,200.0,1260.0,NULL,NULL,NULL,'','L');
INSERT INTO "trackitems" VALUES(NULL,1320.0,1000019,42,NULL,NULL,NULL,1000022,200.0,NULL,NULL,NULL,NULL,NULL,0.0,NULL,NULL,NULL,NULL,NULL,NULL,'E');
INSERT INTO "trackitems" VALUES(NULL,1130.0,1000020,513,15.0,NULL,NULL,551,125.0,NULL,NULL,NULL,NULL,NULL,0.0,125.0,1145.0,NULL,NULL,NULL,'','L');
INSERT INTO "trackitems" VALUES(NULL,1215.0,1000021,51,85.0,NULL,'DPT',52,125.0,NULL,NULL,NULL,NULL,NULL,0.0,125.0,1300.0,NULL,NULL,NULL,'5','L');
INSERT INTO "trackitems" VALUES(NULL,1360.0,1000022,52,NULL,NULL,NULL,1000019,125.0,NULL,NULL,NULL,NULL,NULL,0.0,NULL,NULL,NULL,NULL,NULL,NULL,'E');
INSERT INTO "trackitems" VALUES(NULL,1175.0,1000023,205,5.0,NULL,NULL,561,100.0,NULL,NULL,NULL,NULL,NULL,0.0,100.0,1180.0,NULL,NULL,NULL,'','L');
INSERT INTO "trackitems" VALUES(NULL,1250.0,1000024,61,80.0,NULL,'DPT',62,100.0,NULL,NULL,NULL,NULL,NULL,0.0,100.0,1300.0,NULL,NULL,NULL,'6','L');
INSERT INTO "trackitems" VALUES(NULL,1360.0,1000025,62,NULL,NULL,NULL,1000019,100.0,NULL,NULL,NULL,NULL,NULL,0.0,NULL,NULL,NULL,NULL,NULL,NULL,'E');
INSERT INTO "trackitems" VALUES(NULL,1270.0,1000026,76,80.0,NULL,'DPT',1000028,75.0,NULL,NULL,NULL,NULL,NULL,0.0,75.0,1300.0,NULL,NULL,NULL,'7','L');
INSERT INTO "trackitems" VALUES(NULL,1360.0,1000027,1000028,NULL,NULL,NULL,1000019,75.0,NULL,NULL,NULL,NULL,NULL,0.0,NULL,NULL,NULL,NULL,NULL,NULL,'E');
INSERT INTO "trackitems" VALUES(NULL,1300.0,1000028,1000026,NULL,'77',NULL,1000027,75.0,NULL,NULL,NULL,NULL,NULL,0.0,NULL,NULL,NULL,NULL,0,NULL,'SB');
CREATE TABLE routes (
routenum INTEGER PRIMARY KEY,
beginsignal INTEGER,
endsignal INTEGER,
initialstate INTEGER);
INSERT INTO "routes" VALUES(1,72,73,1);
INSERT INTO "routes" VALUES(2,73,74,2);
INSERT INTO "routes" VALUES(3,74,75,2);
INSERT INTO "routes" VALUES(51,86,85,2);
INSERT INTO "routes" VALUES(52,85,84,2);
INSERT INTO "routes" VALUES(53,84,83,2);
INSERT INTO "routes" VALUES(54,83,81,NULL);
INSERT INTO "routes" VALUES(101,82,73,NULL);
INSERT INTO "routes" VALUES(102,83,71,NULL);
INSERT INTO "routes" VALUES(202,75,62,NULL);
INSERT INTO "routes" VALUES(203,75,52,1);
INSERT INTO "routes" VALUES(205,87,62,NULL);
INSERT INTO "routes" VALUES(206,87,52,NULL);
INSERT INTO "routes" VALUES(207,76,86,NULL);
INSERT INTO "routes" VALUES(208,61,86,NULL);
INSERT INTO "routes" VALUES(209,51,86,NULL);
INSERT INTO "routes" VALUES(210,87,32,NULL);
INSERT INTO "routes" VALUES(211,87,42,NULL);
INSERT INTO "routes" VALUES(212,31,86,NULL);
INSERT INTO "routes" VALUES(213,41,86,NULL);
INSERT INTO "routes" VALUES(215,75,1000028,0);
INSERT INTO "routes" VALUES(216,87,1000028,0);
CREATE TABLE directions (
routenum INTEGER,
tiid INTEGER,
direction INTEGER);
INSERT INTO "directions" VALUES(1,512,0);
INSERT INTO "directions" VALUES(1,511,0);
INSERT INTO "directions" VALUES(202,513,1);
INSERT INTO "directions" VALUES(202,561,0);
INSERT INTO "directions" VALUES(202,551,1);
INSERT INTO "directions" VALUES(203,513,1);
INSERT INTO "directions" VALUES(203,551,0);
INSERT INTO "directions" VALUES(205,513,0);
INSERT INTO "directions" VALUES(205,523,0);
INSERT INTO "directions" VALUES(205,561,0);
INSERT INTO "directions" VALUES(205,551,1);
INSERT INTO "directions" VALUES(206,513,0);
INSERT INTO "directions" VALUES(206,523,0);
INSERT INTO "directions" VALUES(206,551,0);
INSERT INTO "directions" VALUES(207,561,1);
INSERT INTO "directions" VALUES(207,523,0);
INSERT INTO "directions" VALUES(207,513,0);
INSERT INTO "directions" VALUES(207,551,1);
INSERT INTO "directions" VALUES(208,561,0);
INSERT INTO "directions" VALUES(208,523,0);
INSERT INTO "directions" VALUES(208,513,0);
INSERT INTO "directions" VALUES(208,551,1);
INSERT INTO "directions" VALUES(209,513,0);
INSERT INTO "directions" VALUES(209,523,0);
INSERT INTO "directions" VALUES(209,551,0);
INSERT INTO "directions" VALUES(210,531,0);
INSERT INTO "directions" VALUES(210,523,1);
INSERT INTO "directions" VALUES(211,531,1);
INSERT INTO "directions" VALUES(211,523,1);
INSERT INTO "directions" VALUES(212,523,1);
INSERT INTO "directions" VALUES(212,531,0);
INSERT INTO "directions" VALUES(213,523,1);
INSERT INTO "directions" VALUES(213,531,1);
INSERT INTO "directions" VALUES(215,513,1);
INSERT INTO "directions" VALUES(215,561,1);
INSERT INTO "directions" VALUES(215,551,1);
INSERT INTO "directions" VALUES(216,513,0);
INSERT INTO "directions" VALUES(216,523,0);
INSERT INTO "directions" VALUES(216,561,1);
INSERT INTO "directions" VALUES(216,551,1);
INSERT INTO "directions" VALUES(101,512,1);
INSERT INTO "directions" VALUES(101,521,1);
INSERT INTO "directions" VALUES(102,522,1);
INSERT INTO "directions" VALUES(102,511,1);
INSERT INTO "directions" VALUES(54,521,0);
INSERT INTO "directions" VALUES(54,522,0);
CREATE TABLE traintypes (
code VARCHAR(10),
description VARCHAR(200),
maxspeed DOUBLE,
stdaccel DOUBLE,
stdbraking DOUBLE,
emergbraking DOUBLE,
tlength DOUBLE);
INSERT INTO "traintypes" VALUES('UT','Underground train',25.0,0.5,0.5,1.5,70.0);
CREATE TABLE services (
servicecode VARCHAR(10),
description VARCHAR(200),
nextservice VARCHAR(10),
autoreverse BOOLEAN,
plannedtraintype VARCHAR(10));
INSERT INTO "services" VALUES('BW06','BANK->WATERLOO','WB07',1,NULL);
INSERT INTO "services" VALUES('BW02','BANK->WATERLOO','WB03',1,NULL);
INSERT INTO "services" VALUES('BW01','BANK->WATERLOO','WB02',1,NULL);
INSERT INTO "services" VALUES('BW03','BANK->WATERLOO','WB04',1,NULL);
INSERT INTO "services" VALUES('WB08','WATERLOO->BANK','','',NULL);
INSERT INTO "services" VALUES('BW05','BANK->WATERLOO','WB06',1,NULL);
INSERT INTO "services" VALUES('BW04','BANK->WATERLOO','WB05',1,NULL);
INSERT INTO "services" VALUES('BW07','BANK->WATERLOO','WB08',1,NULL);
INSERT INTO "services" VALUES('WB02','WATERLOO->BANK','BW04',1,NULL);
INSERT INTO "services" VALUES('WB03','WATERLOO->BANK','BW05',1,NULL);
INSERT INTO "services" VALUES('BW08','BANK->WATERLOO','',1,NULL);
INSERT INTO "services" VALUES('WB01','WATERLOO->BANK','BW03',1,NULL);
INSERT INTO "services" VALUES('WB07','WATERLOO->BANK','',1,NULL);
INSERT INTO "services" VALUES('WB06','WATERLOO->BANK','BW08',1,NULL);
INSERT INTO "services" VALUES('WB05','WATERLOO->BANK','BW07',1,NULL);
INSERT INTO "services" VALUES('WB04','WATERLOO->BANK','BW06',1,NULL);
CREATE TABLE servicelines (
servicecode VARCHAR(10),
placecode VARCHAR(10),
scheduledarrivaltime TIME,
scheduleddeparturetime TIME,
trackcode VARCHAR(10),
stop BOOLEAN);
INSERT INTO "servicelines" VALUES('BW06','BNK','','06:25:30','8',1);
INSERT INTO "servicelines" VALUES('BW06','WTL','06:28:00','06:30:00','26',1);
INSERT INTO "servicelines" VALUES('BW06','DPT','06:30:30','06:31:00','5',1);
INSERT INTO "servicelines" VALUES('BW02','BNK','','06:05:30','8',1);
INSERT INTO "servicelines" VALUES('BW02','WTL','06:08:00','06:10:00','26',1);
INSERT INTO "servicelines" VALUES('BW02','DPT','06:10:30','06:11:00','5',1);
INSERT INTO "servicelines" VALUES('BW01','BNK','','06:00:30','7',1);
INSERT INTO "servicelines" VALUES('BW01','WTL','06:03:00','06:05:00','26',1);
INSERT INTO "servicelines" VALUES('BW01','DPT','06:05:30','06:06:00','5',1);
INSERT INTO "servicelines" VALUES('BW03','BNK','','06:10:30','7',1);
INSERT INTO "servicelines" VALUES('BW03','WTL','06:13:00','06:15:00','26',1);
INSERT INTO "servicelines" VALUES('BW03','DPT','06:15:30','06:16:00','5',1);
INSERT INTO "servicelines" VALUES('WB08','WTL','','06:40:00','25',1);
INSERT INTO "servicelines" VALUES('WB08','BNK','06:42:30','06:43:00','8',1);
INSERT INTO "servicelines" VALUES('BW05','BNK','','06:20:30','7',1);
INSERT INTO "servicelines" VALUES('BW05','WTL','06:23:00','06:25:00','26',1);
INSERT INTO "servicelines" VALUES('BW05','DPT','06:25:30','06:26:00','5',1);
INSERT INTO "servicelines" VALUES('BW04','BNK','','06:15:30','8',1);
INSERT INTO "servicelines" VALUES('BW04','WTL','06:18:00','06:20:00','26',1);
INSERT INTO "servicelines" VALUES('BW04','DPT','06:20:30','06:21:00','5',1);
INSERT INTO "servicelines" VALUES('BW07','BNK','','06:30:30','7',1);
INSERT INTO "servicelines" VALUES('BW07','WTL','06:33:00','06:35:00','26',1);
INSERT INTO "servicelines" VALUES('BW07','DPT','06:35:30','06:36:00','5',1);
INSERT INTO "servicelines" VALUES('WB02','WTL','','06:10:00','25',1);
INSERT INTO "servicelines" VALUES('WB02','BNK','06:12:30','06:13:00','8',1);
INSERT INTO "servicelines" VALUES('WB03','WTL','','06:15:00','25',1);
INSERT INTO "servicelines" VALUES('WB03','BNK','06:17:30','06:18:00','7',1);
INSERT INTO "servicelines" VALUES('BW08','BNK','','06:35:30','8',1);
INSERT INTO "servicelines" VALUES('BW08','WTL','06:38:00','06:40:00','26',1);
INSERT INTO "servicelines" VALUES('BW08','DPT','06:40:30','06:41:00','5',1);
INSERT INTO "servicelines" VALUES('WB01','WTL','','06:05:00','25',1);
INSERT INTO "servicelines" VALUES('WB01','BNK','06:07:30','06:08:00','7',1);
INSERT INTO "servicelines" VALUES('WB07','WTL','','06:35:00','25',1);
INSERT INTO "servicelines" VALUES('WB07','BNK','06:37:30','06:38:00','7',1);
INSERT INTO "servicelines" VALUES('WB06','WTL','','06:30:00','25',1);
INSERT INTO "servicelines" VALUES('WB06','BNK','06:32:30','06:33:00','8',1);
INSERT INTO "servicelines" VALUES('WB05','WTL','','06:25:00','25',1);
INSERT INTO "servicelines" VALUES('WB05','BNK','06:27:30','06:28:00','7',1);
INSERT INTO "servicelines" VALUES('WB04','WTL','','06:20:00','25',1);
INSERT INTO "servicelines" VALUES('WB04','BNK','06:22:30','06:23:00','8',1);
CREATE TABLE trains (
servicecode VARCHAR(10),
traintype VARCHAR(10),
speed DOUBLE,
tiid INTEGER,
previoustiid INTEGER,
posonti DOUBLE,
appeartime TIME);
INSERT INTO "trains" VALUES('BW01','UT',0.0,7,71,79.0,'00:00:00');
INSERT INTO "trains" VALUES('WB01','UT',0.0,1000010,87,79.0,'00:00:00');
INSERT INTO "trains" VALUES('BW02','UT',0.0,8,81,79.0,'00:00:00');
COMMIT;
