PRAGMA foreign_keys=OFF;
BEGIN TRANSACTION;
CREATE TABLE options (
optionkey VARCHAR(30),
optionvalue VARCHAR(50));
INSERT INTO "options" VALUES('version','0.3');
INSERT INTO "options" VALUES('warningSpeed','8.3');
INSERT INTO "options" VALUES('defaultMaxSpeed','6.7');
INSERT INTO "options" VALUES('defaultMinimumStopTime','60');
INSERT INTO "options" VALUES('description','This simulation is freely inspired from SimSig''s Liverpool Street simulation by G. Mayo');
INSERT INTO "options" VALUES('currentTime','04:35:00');
INSERT INTO "options" VALUES('timeFactor','1');
INSERT INTO "options" VALUES('title','Liverpool Street');
CREATE TABLE trackitems (xr DOUBLE,maxspeed DOUBLE,y DOUBLE,x DOUBLE,tiid INTEGER PRIMARY KEY,yr DOUBLE,timersw DOUBLE,timerwc DOUBLE,titype VARCHAR(5),conflicttiid INTEGER,placecode VARCHAR(10),trackcode VARCHAR(10),yf DOUBLE,xf DOUBLE,reverse BOOLEAN,reallength DOUBLE,name VARCHAR(100),yn DOUBLE,xn DOUBLE);
INSERT INTO "trackitems" VALUES(NULL,0.0,25.0,60.0,1,NULL,NULL,NULL,'SB',NULL,NULL,NULL,NULL,NULL,1,NULL,'1',NULL,NULL);
INSERT INTO "trackitems" VALUES(NULL,0.0,25.0,0.0,2,NULL,NULL,NULL,'E',NULL,NULL,NULL,NULL,NULL,NULL,NULL,'2',NULL,NULL);
INSERT INTO "trackitems" VALUES(NULL,0.0,30.0,-15.0,3,NULL,NULL,NULL,'ZT',NULL,NULL,NULL,NULL,NULL,NULL,NULL,'1',NULL,NULL);
INSERT INTO "trackitems" VALUES(300.0,0.0,25.0,60.0,4,15.0,NULL,NULL,'LP',NULL,'LIVST','1',25.0,300.0,NULL,240.0,'4',0.0,0.0);
INSERT INTO "trackitems" VALUES(NULL,0.0,50.0,60.0,5,NULL,NULL,NULL,'SB',NULL,NULL,NULL,NULL,NULL,1,NULL,'5',NULL,NULL);
INSERT INTO "trackitems" VALUES(NULL,0.0,50.0,0.0,6,NULL,NULL,NULL,'E',NULL,NULL,NULL,NULL,NULL,NULL,NULL,'6',NULL,NULL);
INSERT INTO "trackitems" VALUES(NULL,0.0,55.0,-15.0,7,NULL,NULL,NULL,'ZT',NULL,NULL,NULL,NULL,NULL,NULL,NULL,'2',NULL,NULL);
INSERT INTO "trackitems" VALUES(NULL,0.0,655.0,290.0,8,NULL,NULL,NULL,'A',NULL,'LIVST',NULL,NULL,NULL,NULL,NULL,'LIVERPOOL STREET',NULL,NULL);
INSERT INTO "trackitems" VALUES(300.0,0.0,50.0,60.0,9,75.0,NULL,NULL,'LP',NULL,'LIVST','2',50.0,300.0,NULL,240.0,'9',60.0,0.0);
INSERT INTO "trackitems" VALUES(NULL,0.0,25.0,300.0,10,NULL,NULL,NULL,'S',NULL,NULL,NULL,NULL,NULL,0,NULL,'9',NULL,NULL);
INSERT INTO "trackitems" VALUES(NULL,0.0,50.0,300.0,11,NULL,NULL,NULL,'S',NULL,NULL,NULL,NULL,NULL,0,NULL,'11',NULL,NULL);
INSERT INTO "trackitems" VALUES(NULL,0.0,100.0,60.0,12,NULL,NULL,NULL,'SB',NULL,NULL,NULL,NULL,NULL,1,NULL,'12',NULL,NULL);
INSERT INTO "trackitems" VALUES(NULL,0.0,100.0,0.0,13,NULL,NULL,NULL,'E',NULL,NULL,NULL,NULL,NULL,NULL,NULL,'13',NULL,NULL);
INSERT INTO "trackitems" VALUES(NULL,0.0,105.0,-15.0,14,NULL,NULL,NULL,'ZT',NULL,NULL,NULL,NULL,NULL,NULL,NULL,'3',NULL,NULL);
INSERT INTO "trackitems" VALUES(300.0,0.0,100.0,60.0,15,90.0,NULL,NULL,'LP',NULL,'LIVST','3',100.0,300.0,NULL,240.0,'15',75.0,0.0);
INSERT INTO "trackitems" VALUES(NULL,0.0,100.0,300.0,16,NULL,NULL,NULL,'S',NULL,NULL,NULL,NULL,NULL,0,NULL,'13',NULL,NULL);
INSERT INTO "trackitems" VALUES(NULL,0.0,125.0,60.0,17,NULL,NULL,NULL,'SB',NULL,NULL,NULL,NULL,NULL,1,NULL,'17',NULL,NULL);
INSERT INTO "trackitems" VALUES(NULL,0.0,125.0,0.0,18,NULL,NULL,NULL,'E',NULL,NULL,NULL,NULL,NULL,NULL,NULL,'18',NULL,NULL);
INSERT INTO "trackitems" VALUES(NULL,0.0,130.0,-15.0,19,NULL,NULL,NULL,'ZT',NULL,NULL,NULL,NULL,NULL,NULL,NULL,'4',NULL,NULL);
INSERT INTO "trackitems" VALUES(300.0,0.0,125.0,60.0,20,150.0,NULL,NULL,'LP',NULL,'LIVST','4',125.0,300.0,NULL,240.0,'20',135.0,0.0);
INSERT INTO "trackitems" VALUES(NULL,0.0,125.0,300.0,21,NULL,NULL,NULL,'S',NULL,NULL,NULL,NULL,NULL,0,NULL,'15',NULL,NULL);
INSERT INTO "trackitems" VALUES(NULL,0.0,175.0,60.0,22,NULL,NULL,NULL,'SB',NULL,NULL,NULL,NULL,NULL,1,NULL,'22',NULL,NULL);
INSERT INTO "trackitems" VALUES(NULL,0.0,175.0,0.0,23,NULL,NULL,NULL,'E',NULL,NULL,NULL,NULL,NULL,NULL,NULL,'23',NULL,NULL);
INSERT INTO "trackitems" VALUES(300.0,0.0,175.0,60.0,24,165.0,NULL,NULL,'LP',NULL,'LIVST','5',175.0,300.0,NULL,240.0,'24',150.0,0.0);
INSERT INTO "trackitems" VALUES(NULL,0.0,180.0,-15.0,25,NULL,NULL,NULL,'ZT',NULL,NULL,NULL,NULL,NULL,NULL,NULL,'5',NULL,NULL);
INSERT INTO "trackitems" VALUES(NULL,0.0,175.0,300.0,26,NULL,NULL,NULL,'S',NULL,NULL,NULL,NULL,NULL,0,NULL,'17',NULL,NULL);
INSERT INTO "trackitems" VALUES(NULL,0.0,200.0,60.0,27,NULL,NULL,NULL,'SB',NULL,NULL,NULL,NULL,NULL,1,NULL,'27',NULL,NULL);
INSERT INTO "trackitems" VALUES(NULL,0.0,205.0,-15.0,28,NULL,NULL,NULL,'ZT',NULL,NULL,NULL,NULL,NULL,NULL,NULL,'6',NULL,NULL);
INSERT INTO "trackitems" VALUES(NULL,0.0,200.0,0.0,29,NULL,NULL,NULL,'E',NULL,NULL,NULL,NULL,NULL,NULL,NULL,'29',NULL,NULL);
INSERT INTO "trackitems" VALUES(300.0,0.0,200.0,60.0,30,225.0,NULL,NULL,'LP',NULL,'LIVST','6',200.0,300.0,NULL,240.0,'30',210.0,0.0);
INSERT INTO "trackitems" VALUES(NULL,0.0,200.0,300.0,31,NULL,NULL,NULL,'S',NULL,NULL,NULL,NULL,NULL,0,NULL,'19',NULL,NULL);
INSERT INTO "trackitems" VALUES(NULL,0.0,250.0,60.0,32,NULL,NULL,NULL,'SB',NULL,NULL,NULL,NULL,NULL,1,NULL,'32',NULL,NULL);
INSERT INTO "trackitems" VALUES(NULL,0.0,250.0,0.0,33,NULL,NULL,NULL,'E',NULL,NULL,NULL,NULL,NULL,NULL,NULL,'33',NULL,NULL);
INSERT INTO "trackitems" VALUES(NULL,0.0,255.0,-15.0,34,NULL,NULL,NULL,'ZT',NULL,NULL,NULL,NULL,NULL,NULL,NULL,'7',NULL,NULL);
INSERT INTO "trackitems" VALUES(300.0,0.0,250.0,60.0,35,240.0,NULL,NULL,'LP',NULL,'LIVST','7',250.0,300.0,NULL,240.0,'35',225.0,0.0);
INSERT INTO "trackitems" VALUES(NULL,0.0,250.0,300.0,36,NULL,NULL,NULL,'S',NULL,NULL,NULL,NULL,NULL,0,NULL,'21',NULL,NULL);
INSERT INTO "trackitems" VALUES(NULL,0.0,275.0,60.0,37,NULL,NULL,NULL,'SB',NULL,NULL,NULL,NULL,NULL,1,NULL,'37',NULL,NULL);
INSERT INTO "trackitems" VALUES(NULL,0.0,275.0,0.0,38,NULL,NULL,NULL,'E',NULL,NULL,NULL,NULL,NULL,NULL,NULL,'38',NULL,NULL);
INSERT INTO "trackitems" VALUES(NULL,0.0,280.0,-15.0,39,NULL,NULL,NULL,'ZT',NULL,NULL,NULL,NULL,NULL,NULL,NULL,'8',NULL,NULL);
INSERT INTO "trackitems" VALUES(300.0,0.0,275.0,60.0,40,300.0,NULL,NULL,'LP',NULL,'LIVST','8',275.0,300.0,NULL,240.0,'40',285.0,0.0);
INSERT INTO "trackitems" VALUES(NULL,0.0,275.0,300.0,41,NULL,NULL,NULL,'S',NULL,NULL,NULL,NULL,NULL,0,NULL,'23',NULL,NULL);
INSERT INTO "trackitems" VALUES(NULL,0.0,325.0,60.0,42,NULL,NULL,NULL,'SB',NULL,NULL,NULL,NULL,NULL,1,NULL,'42',NULL,NULL);
INSERT INTO "trackitems" VALUES(NULL,0.0,325.0,0.0,43,NULL,NULL,NULL,'E',NULL,NULL,NULL,NULL,NULL,NULL,NULL,'43',NULL,NULL);
INSERT INTO "trackitems" VALUES(NULL,0.0,330.0,-15.0,44,NULL,NULL,NULL,'ZT',NULL,NULL,NULL,NULL,NULL,NULL,NULL,'9',NULL,NULL);
INSERT INTO "trackitems" VALUES(300.0,0.0,325.0,60.0,45,315.0,NULL,NULL,'LP',NULL,'LIVST','9',325.0,185.0,NULL,160.0,'45',300.0,0.0);
INSERT INTO "trackitems" VALUES(NULL,0.0,325.0,185.0,46,NULL,NULL,NULL,'S',NULL,NULL,NULL,NULL,NULL,0,NULL,'25',NULL,NULL);
INSERT INTO "trackitems" VALUES(5.0,0.0,325.0,270.0,47,5.0,NULL,NULL,'P',NULL,NULL,NULL,0.0,-5.0,NULL,NULL,'47',0.0,5.0);
INSERT INTO "trackitems" VALUES(-5.0,0.0,325.0,295.0,48,5.0,NULL,NULL,'P',NULL,NULL,NULL,0.0,5.0,NULL,NULL,'48',0.0,-5.0);
INSERT INTO "trackitems" VALUES(NULL,0.0,325.0,290.0,49,NULL,NULL,NULL,'L',NULL,NULL,'',325.0,275.0,NULL,40.0,'49',NULL,NULL);
INSERT INTO "trackitems" VALUES(NULL,0.0,325.0,245.0,50,NULL,NULL,NULL,'L',NULL,NULL,'',325.0,265.0,NULL,80.0,'50',NULL,NULL);
INSERT INTO "trackitems" VALUES(NULL,0.0,325.0,300.0,51,NULL,NULL,NULL,'S',NULL,NULL,NULL,NULL,NULL,0,NULL,'27',NULL,NULL);
INSERT INTO "trackitems" VALUES(NULL,0.0,350.0,60.0,52,NULL,NULL,NULL,'SB',NULL,NULL,NULL,NULL,NULL,1,NULL,'52',NULL,NULL);
INSERT INTO "trackitems" VALUES(NULL,0.0,350.0,0.0,53,NULL,NULL,NULL,'E',NULL,NULL,NULL,NULL,NULL,NULL,NULL,'53',NULL,NULL);
INSERT INTO "trackitems" VALUES(NULL,0.0,355.0,-15.0,54,NULL,NULL,NULL,'ZT',NULL,NULL,NULL,NULL,NULL,NULL,NULL,'10',NULL,NULL);
INSERT INTO "trackitems" VALUES(300.0,0.0,350.0,60.0,55,375.0,NULL,NULL,'LP',NULL,'LIVST','10',350.0,185.0,NULL,160.0,'55',360.0,0.0);
INSERT INTO "trackitems" VALUES(NULL,0.0,350.0,185.0,56,NULL,NULL,NULL,'S',NULL,NULL,NULL,NULL,NULL,0,NULL,'29',NULL,NULL);
INSERT INTO "trackitems" VALUES(NULL,0.0,350.0,245.0,57,NULL,NULL,NULL,'L',NULL,NULL,'',350.0,265.0,NULL,80.0,'57',NULL,NULL);
INSERT INTO "trackitems" VALUES(5.0,0.0,350.0,270.0,58,-5.0,NULL,NULL,'P',NULL,NULL,NULL,0.0,-5.0,NULL,NULL,'58',0.0,5.0);
INSERT INTO "trackitems" VALUES(-5.0,0.0,350.0,295.0,59,-5.0,NULL,NULL,'P',NULL,NULL,NULL,0.0,5.0,NULL,NULL,'59',0.0,-5.0);
INSERT INTO "trackitems" VALUES(NULL,0.0,350.0,275.0,60,NULL,NULL,NULL,'L',NULL,NULL,'',350.0,290.0,NULL,40.0,'60',NULL,NULL);
INSERT INTO "trackitems" VALUES(NULL,0.0,345.0,275.0,61,NULL,NULL,NULL,'L',62,NULL,'',330.0,290.0,NULL,40.0,'61',NULL,NULL);
INSERT INTO "trackitems" VALUES(NULL,0.0,330.0,275.0,62,NULL,NULL,NULL,'L',61,NULL,'',345.0,290.0,NULL,40.0,'62',NULL,NULL);
INSERT INTO "trackitems" VALUES(NULL,0.0,350.0,300.0,63,NULL,NULL,NULL,'S',NULL,NULL,NULL,NULL,NULL,0,NULL,'31',NULL,NULL);
INSERT INTO "trackitems" VALUES(NULL,0.0,400.0,60.0,64,NULL,NULL,NULL,'SB',NULL,NULL,NULL,NULL,NULL,1,NULL,'64',NULL,NULL);
INSERT INTO "trackitems" VALUES(NULL,0.0,400.0,0.0,65,NULL,NULL,NULL,'E',NULL,NULL,NULL,NULL,NULL,NULL,NULL,'65',NULL,NULL);
INSERT INTO "trackitems" VALUES(NULL,0.0,405.0,-15.0,66,NULL,NULL,NULL,'ZT',NULL,NULL,NULL,NULL,NULL,NULL,NULL,'11',NULL,NULL);
INSERT INTO "trackitems" VALUES(300.0,0.0,400.0,60.0,67,390.0,NULL,NULL,'LP',NULL,'LIVST','11',400.0,185.0,NULL,160.0,'67',375.0,0.0);
INSERT INTO "trackitems" VALUES(NULL,0.0,400.0,185.0,68,NULL,NULL,NULL,'S',NULL,NULL,NULL,NULL,NULL,0,NULL,'33',NULL,NULL);
INSERT INTO "trackitems" VALUES(NULL,0.0,400.0,245.0,69,NULL,NULL,NULL,'L',NULL,NULL,'',400.0,300.0,NULL,80.0,'69',NULL,NULL);
INSERT INTO "trackitems" VALUES(NULL,0.0,400.0,300.0,70,NULL,NULL,NULL,'S',NULL,NULL,NULL,NULL,NULL,0,NULL,'35',NULL,NULL);
INSERT INTO "trackitems" VALUES(NULL,0.0,425.0,60.0,71,NULL,NULL,NULL,'SB',NULL,NULL,NULL,NULL,NULL,1,NULL,'71',NULL,NULL);
INSERT INTO "trackitems" VALUES(NULL,0.0,425.0,0.0,72,NULL,NULL,NULL,'E',NULL,NULL,NULL,NULL,NULL,NULL,NULL,'72',NULL,NULL);
INSERT INTO "trackitems" VALUES(300.0,0.0,425.0,60.0,73,450.0,NULL,NULL,'LP',NULL,'LIVST','12',425.0,300.0,NULL,240.0,'73',435.0,0.0);
INSERT INTO "trackitems" VALUES(NULL,0.0,425.0,300.0,74,NULL,NULL,NULL,'S',NULL,NULL,NULL,NULL,NULL,0,NULL,'37',NULL,NULL);
INSERT INTO "trackitems" VALUES(NULL,0.0,430.0,-15.0,75,NULL,NULL,NULL,'ZT',NULL,NULL,NULL,NULL,NULL,NULL,NULL,'12',NULL,NULL);
INSERT INTO "trackitems" VALUES(NULL,0.0,475.0,60.0,76,NULL,NULL,NULL,'SB',NULL,NULL,NULL,NULL,NULL,1,NULL,'76',NULL,NULL);
INSERT INTO "trackitems" VALUES(NULL,0.0,475.0,0.0,77,NULL,NULL,NULL,'E',NULL,NULL,NULL,NULL,NULL,NULL,NULL,'77',NULL,NULL);
INSERT INTO "trackitems" VALUES(NULL,0.0,480.0,-15.0,78,NULL,NULL,NULL,'ZT',NULL,NULL,NULL,NULL,NULL,NULL,NULL,'13',NULL,NULL);
INSERT INTO "trackitems" VALUES(300.0,0.0,475.0,60.0,79,465.0,NULL,NULL,'LP',NULL,'LIVST','13',475.0,300.0,NULL,240.0,'79',450.0,0.0);
INSERT INTO "trackitems" VALUES(NULL,0.0,475.0,300.0,80,NULL,NULL,NULL,'S',NULL,NULL,NULL,NULL,NULL,0,NULL,'41',NULL,NULL);
INSERT INTO "trackitems" VALUES(NULL,0.0,500.0,60.0,81,NULL,NULL,NULL,'SB',NULL,NULL,NULL,NULL,NULL,1,NULL,'81',NULL,NULL);
INSERT INTO "trackitems" VALUES(NULL,0.0,500.0,0.0,82,NULL,NULL,NULL,'E',NULL,NULL,NULL,NULL,NULL,NULL,NULL,'82',NULL,NULL);
INSERT INTO "trackitems" VALUES(NULL,0.0,505.0,-15.0,83,NULL,NULL,NULL,'ZT',NULL,NULL,NULL,NULL,NULL,NULL,NULL,'14',NULL,NULL);
INSERT INTO "trackitems" VALUES(300.0,0.0,500.0,60.0,84,525.0,NULL,NULL,'LP',NULL,'LIVST','14',500.0,300.0,NULL,240.0,'84',510.0,0.0);
INSERT INTO "trackitems" VALUES(NULL,0.0,500.0,300.0,85,NULL,NULL,NULL,'S',NULL,NULL,NULL,NULL,NULL,0,NULL,'43',NULL,NULL);
INSERT INTO "trackitems" VALUES(NULL,0.0,550.0,60.0,86,NULL,NULL,NULL,'SB',NULL,NULL,NULL,NULL,NULL,1,NULL,'86',NULL,NULL);
INSERT INTO "trackitems" VALUES(NULL,0.0,550.0,0.0,87,NULL,NULL,NULL,'E',NULL,NULL,NULL,NULL,NULL,NULL,NULL,'87',NULL,NULL);
INSERT INTO "trackitems" VALUES(NULL,0.0,555.0,-15.0,88,NULL,NULL,NULL,'ZT',NULL,NULL,NULL,NULL,NULL,NULL,NULL,'15',NULL,NULL);
INSERT INTO "trackitems" VALUES(300.0,0.0,550.0,60.0,89,540.0,NULL,NULL,'LP',NULL,'LIVST','15',550.0,185.0,NULL,160.0,'89',525.0,0.0);
INSERT INTO "trackitems" VALUES(NULL,0.0,550.0,300.0,90,NULL,NULL,NULL,'S',NULL,NULL,NULL,NULL,NULL,0,NULL,'47',NULL,NULL);
INSERT INTO "trackitems" VALUES(NULL,0.0,550.0,185.0,91,NULL,NULL,NULL,'S',NULL,NULL,NULL,NULL,NULL,0,NULL,'45',NULL,NULL);
INSERT INTO "trackitems" VALUES(-5.0,0.0,550.0,295.0,92,5.0,NULL,NULL,'P',NULL,NULL,NULL,0.0,5.0,NULL,NULL,'92',0.0,-5.0);
INSERT INTO "trackitems" VALUES(NULL,0.0,550.0,245.0,93,NULL,NULL,NULL,'L',NULL,NULL,'',550.0,290.0,NULL,80.0,'93',NULL,NULL);
INSERT INTO "trackitems" VALUES(NULL,0.0,575.0,60.0,94,NULL,NULL,NULL,'SB',NULL,NULL,NULL,NULL,NULL,1,NULL,'94',NULL,NULL);
INSERT INTO "trackitems" VALUES(NULL,0.0,575.0,0.0,95,NULL,NULL,NULL,'E',NULL,NULL,NULL,NULL,NULL,NULL,NULL,'95',NULL,NULL);
INSERT INTO "trackitems" VALUES(NULL,0.0,580.0,-15.0,96,NULL,NULL,NULL,'ZT',NULL,NULL,NULL,NULL,NULL,NULL,NULL,'16',NULL,NULL);
INSERT INTO "trackitems" VALUES(200.0,0.0,575.0,60.0,97,600.0,NULL,NULL,'LP',NULL,'LIVST','16',575.0,160.0,NULL,160.0,'97',585.0,0.0);
INSERT INTO "trackitems" VALUES(NULL,0.0,625.0,60.0,98,NULL,NULL,NULL,'SB',NULL,NULL,NULL,NULL,NULL,1,NULL,'98',NULL,NULL);
INSERT INTO "trackitems" VALUES(NULL,0.0,625.0,0.0,99,NULL,NULL,NULL,'E',NULL,NULL,NULL,NULL,NULL,NULL,NULL,'99',NULL,NULL);
INSERT INTO "trackitems" VALUES(NULL,0.0,630.0,-15.0,100,NULL,NULL,NULL,'ZT',NULL,NULL,NULL,NULL,NULL,NULL,NULL,'17',NULL,NULL);
INSERT INTO "trackitems" VALUES(200.0,0.0,625.0,60.0,101,615.0,NULL,NULL,'LP',NULL,'LIVST','17',625.0,155.0,NULL,160.0,'101',600.0,0.0);
INSERT INTO "trackitems" VALUES(NULL,0.0,570.0,275.0,102,NULL,NULL,NULL,'L',117,NULL,'',620.0,225.0,NULL,20.0,'102',NULL,NULL);
INSERT INTO "trackitems" VALUES(NULL,0.0,575.0,160.0,103,NULL,NULL,NULL,'S',NULL,NULL,NULL,NULL,NULL,0,NULL,'49',NULL,NULL);
INSERT INTO "trackitems" VALUES(NULL,0.0,625.0,155.0,104,NULL,NULL,NULL,'S',NULL,NULL,NULL,NULL,NULL,0,NULL,'51',NULL,NULL);
INSERT INTO "trackitems" VALUES(NULL,0.0,650.0,155.0,105,NULL,NULL,NULL,'S',NULL,NULL,NULL,NULL,NULL,0,NULL,'53',NULL,NULL);
INSERT INTO "trackitems" VALUES(NULL,0.0,650.0,60.0,106,NULL,NULL,NULL,'SB',NULL,NULL,NULL,NULL,NULL,1,NULL,'106',NULL,NULL);
INSERT INTO "trackitems" VALUES(NULL,0.0,650.0,0.0,107,NULL,NULL,NULL,'E',NULL,NULL,NULL,NULL,NULL,NULL,NULL,'107',NULL,NULL);
INSERT INTO "trackitems" VALUES(NULL,0.0,655.0,-15.0,108,NULL,NULL,NULL,'ZT',NULL,NULL,NULL,NULL,NULL,NULL,NULL,'18',NULL,NULL);
INSERT INTO "trackitems" VALUES(200.0,0.0,650.0,60.0,109,675.0,NULL,NULL,'LP',NULL,'LIVST','18',650.0,155.0,NULL,160.0,'109',660.0,0.0);
INSERT INTO "trackitems" VALUES(5.0,0.0,625.0,220.0,110,-5.0,NULL,NULL,'P',NULL,NULL,NULL,0.0,-5.0,NULL,NULL,'110',0.0,5.0);
INSERT INTO "trackitems" VALUES(NULL,0.0,650.0,235.0,111,NULL,NULL,NULL,'L',NULL,NULL,'',630.0,255.0,NULL,20.0,'111',NULL,NULL);
INSERT INTO "trackitems" VALUES(NULL,0.0,650.0,215.0,112,NULL,NULL,NULL,'L',NULL,NULL,'',650.0,235.0,NULL,20.0,'112',NULL,NULL);
INSERT INTO "trackitems" VALUES(-5.0,0.0,625.0,260.0,113,0.0,NULL,NULL,'P',NULL,NULL,NULL,-5.0,5.0,NULL,NULL,'113',5.0,-5.0);
INSERT INTO "trackitems" VALUES(NULL,0.0,625.0,225.0,114,NULL,NULL,NULL,'L',NULL,NULL,'',625.0,255.0,NULL,20.0,'114',NULL,NULL);
INSERT INTO "trackitems" VALUES(NULL,0.0,620.0,265.0,115,NULL,NULL,NULL,'L',NULL,NULL,'',580.0,305.0,NULL,20.0,'115',NULL,NULL);
INSERT INTO "trackitems" VALUES(-5.0,0.0,575.0,310.0,116,5.0,NULL,NULL,'P',NULL,NULL,NULL,0.0,5.0,NULL,NULL,'116',0.0,-5.0);
INSERT INTO "trackitems" VALUES(NULL,0.0,575.0,260.0,117,NULL,NULL,NULL,'L',102,NULL,'',575.0,305.0,NULL,20.0,'117',NULL,NULL);
INSERT INTO "trackitems" VALUES(-5.0,0.0,565.0,280.0,118,0.0,NULL,NULL,'P',NULL,NULL,NULL,-5.0,5.0,NULL,NULL,'118',5.0,-5.0);
INSERT INTO "trackitems" VALUES(5.0,0.0,575.0,255.0,119,-5.0,NULL,NULL,'P',NULL,NULL,NULL,0.0,-5.0,NULL,NULL,'119',0.0,5.0);
INSERT INTO "trackitems" VALUES(NULL,0.0,560.0,285.0,120,NULL,NULL,NULL,'L',NULL,NULL,'',555.0,290.0,NULL,40.0,'120',NULL,NULL);
INSERT INTO "trackitems" VALUES(NULL,0.0,570.0,260.0,121,NULL,NULL,NULL,'L',NULL,NULL,'',565.0,265.0,NULL,1.0,'121',NULL,NULL);
INSERT INTO "trackitems" VALUES(NULL,0.0,565.0,275.0,122,NULL,NULL,NULL,'L',NULL,NULL,'',565.0,265.0,NULL,1.0,'122',NULL,NULL);
INSERT INTO "trackitems" VALUES(NULL,0.0,575.0,220.0,123,NULL,NULL,NULL,'L',NULL,NULL,'',575.0,250.0,NULL,40.0,'123',NULL,NULL);
INSERT INTO "trackitems" VALUES(NULL,0.0,575.0,315.0,124,NULL,NULL,NULL,'L',NULL,NULL,'',575.0,375.0,NULL,40.0,'124',NULL,NULL);
INSERT INTO "trackitems" VALUES(NULL,0.0,550.0,360.0,125,NULL,NULL,NULL,'L',NULL,NULL,'',550.0,375.0,NULL,20.0,'125',NULL,NULL);
INSERT INTO "trackitems" VALUES(5.0,0.0,575.0,380.0,126,-5.0,NULL,NULL,'P',NULL,NULL,NULL,0.0,-5.0,NULL,NULL,'126',0.0,5.0);
INSERT INTO "trackitems" VALUES(5.0,0.0,550.0,380.0,127,5.0,NULL,NULL,'P',NULL,NULL,NULL,0.0,-5.0,NULL,NULL,'127',0.0,5.0);
INSERT INTO "trackitems" VALUES(-5.0,0.0,550.0,405.0,128,5.0,NULL,NULL,'P',NULL,NULL,NULL,0.0,5.0,NULL,NULL,'128',0.0,-5.0);
INSERT INTO "trackitems" VALUES(-5.0,0.0,575.0,405.0,129,-5.0,NULL,NULL,'P',NULL,NULL,NULL,0.0,5.0,NULL,NULL,'129',0.0,-5.0);
INSERT INTO "trackitems" VALUES(NULL,0.0,550.0,385.0,130,NULL,NULL,NULL,'L',NULL,NULL,'',550.0,400.0,NULL,40.0,'130',NULL,NULL);
INSERT INTO "trackitems" VALUES(NULL,0.0,575.0,385.0,131,NULL,NULL,NULL,'L',NULL,NULL,'',575.0,400.0,NULL,40.0,'131',NULL,NULL);
INSERT INTO "trackitems" VALUES(NULL,0.0,555.0,385.0,132,NULL,NULL,NULL,'L',133,NULL,'',570.0,400.0,NULL,40.0,'132',NULL,NULL);
INSERT INTO "trackitems" VALUES(NULL,0.0,570.0,385.0,133,NULL,NULL,NULL,'L',132,NULL,'',555.0,400.0,NULL,40.0,'133',NULL,NULL);
INSERT INTO "trackitems" VALUES(NULL,0.0,550.0,410.0,134,NULL,NULL,NULL,'L',NULL,NULL,'',550.0,425.0,NULL,20.0,'134',NULL,NULL);
INSERT INTO "trackitems" VALUES(-5.0,0.0,550.0,430.0,135,-5.0,NULL,NULL,'P',NULL,NULL,NULL,0.0,5.0,NULL,NULL,'135',0.0,-5.0);
INSERT INTO "trackitems" VALUES(NULL,0.0,545.0,425.0,136,NULL,NULL,NULL,'L',NULL,NULL,'',505.0,385.0,NULL,40.0,'136',NULL,NULL);
INSERT INTO "trackitems" VALUES(5.0,0.0,500.0,380.0,137,5.0,NULL,NULL,'P',NULL,NULL,NULL,0.0,-5.0,NULL,NULL,'137',0.0,5.0);
INSERT INTO "trackitems" VALUES(NULL,0.0,500.0,360.0,138,NULL,NULL,NULL,'L',NULL,NULL,'',500.0,375.0,NULL,40.0,'138',NULL,NULL);
INSERT INTO "trackitems" VALUES(NULL,0.0,500.0,385.0,139,NULL,NULL,NULL,'L',NULL,NULL,'',500.0,400.0,NULL,40.0,'139',NULL,NULL);
INSERT INTO "trackitems" VALUES(5.0,0.0,500.0,405.0,140,-5.0,NULL,NULL,'P',NULL,NULL,NULL,0.0,-5.0,NULL,NULL,'140',0.0,5.0);
INSERT INTO "trackitems" VALUES(NULL,0.0,475.0,360.0,141,NULL,NULL,NULL,'L',NULL,NULL,'',475.0,400.0,NULL,80.0,'141',NULL,NULL);
INSERT INTO "trackitems" VALUES(5.0,0.0,475.0,405.0,142,5.0,NULL,NULL,'P',NULL,NULL,NULL,0.0,-5.0,NULL,NULL,'142',0.0,5.0);
INSERT INTO "trackitems" VALUES(-5.0,0.0,475.0,430.0,143,5.0,NULL,NULL,'P',NULL,NULL,NULL,0.0,5.0,NULL,NULL,'143',0.0,-5.0);
INSERT INTO "trackitems" VALUES(-5.0,0.0,500.0,430.0,144,-5.0,NULL,NULL,'P',NULL,NULL,NULL,0.0,5.0,NULL,NULL,'144',0.0,-5.0);
INSERT INTO "trackitems" VALUES(NULL,0.0,475.0,410.0,145,NULL,NULL,NULL,'L',NULL,NULL,'',475.0,425.0,NULL,40.0,'145',NULL,NULL);
INSERT INTO "trackitems" VALUES(NULL,0.0,500.0,410.0,146,NULL,NULL,NULL,'L',NULL,NULL,'',500.0,425.0,NULL,40.0,'146',NULL,NULL);
INSERT INTO "trackitems" VALUES(NULL,0.0,480.0,410.0,147,NULL,NULL,NULL,'L',148,NULL,'',495.0,425.0,NULL,40.0,'147',NULL,NULL);
INSERT INTO "trackitems" VALUES(NULL,0.0,495.0,410.0,148,NULL,NULL,NULL,'L',147,NULL,'',480.0,425.0,NULL,40.0,'148',NULL,NULL);
INSERT INTO "trackitems" VALUES(NULL,0.0,425.0,415.0,149,NULL,NULL,NULL,'S',NULL,NULL,NULL,NULL,NULL,0,NULL,'39',NULL,NULL);
INSERT INTO "trackitems" VALUES(NULL,0.0,425.0,360.0,150,NULL,NULL,NULL,'L',NULL,NULL,'',425.0,415.0,NULL,80.0,'150',NULL,NULL);
INSERT INTO "trackitems" VALUES(NULL,0.0,400.0,360.0,151,NULL,NULL,NULL,'L',NULL,NULL,'',400.0,475.0,NULL,80.0,'151',NULL,NULL);
INSERT INTO "trackitems" VALUES(5.0,0.0,425.0,480.0,152,-5.0,NULL,NULL,'P',NULL,NULL,NULL,0.0,-5.0,NULL,NULL,'152',0.0,5.0);
INSERT INTO "trackitems" VALUES(5.0,0.0,400.0,480.0,153,5.0,NULL,NULL,'P',NULL,NULL,NULL,0.0,-5.0,NULL,NULL,'153',0.0,5.0);
INSERT INTO "trackitems" VALUES(-5.0,0.0,400.0,505.0,154,5.0,NULL,NULL,'P',NULL,NULL,NULL,0.0,5.0,NULL,NULL,'154',0.0,-5.0);
INSERT INTO "trackitems" VALUES(-5.0,0.0,425.0,505.0,155,-5.0,NULL,NULL,'P',NULL,NULL,NULL,0.0,5.0,NULL,NULL,'155',0.0,-5.0);
INSERT INTO "trackitems" VALUES(NULL,0.0,400.0,500.0,156,NULL,NULL,NULL,'L',NULL,NULL,'',400.0,485.0,NULL,40.0,'156',NULL,NULL);
INSERT INTO "trackitems" VALUES(NULL,0.0,425.0,500.0,157,NULL,NULL,NULL,'L',NULL,NULL,'',425.0,485.0,NULL,40.0,'157',NULL,NULL);
INSERT INTO "trackitems" VALUES(NULL,0.0,420.0,500.0,158,NULL,NULL,NULL,'L',159,NULL,'',405.0,485.0,NULL,40.0,'158',NULL,NULL);
INSERT INTO "trackitems" VALUES(NULL,0.0,420.0,485.0,159,NULL,NULL,NULL,'L',158,NULL,'',405.0,500.0,NULL,40.0,'159',NULL,NULL);
INSERT INTO "trackitems" VALUES(5.0,0.0,250.0,365.0,160,5.0,NULL,NULL,'P',NULL,NULL,NULL,0.0,-5.0,NULL,NULL,'160',0.0,5.0);
INSERT INTO "trackitems" VALUES(NULL,0.0,255.0,370.0,161,NULL,NULL,NULL,'L',NULL,NULL,'',270.0,385.0,NULL,40.0,'161',NULL,NULL);
INSERT INTO "trackitems" VALUES(-5.0,0.0,275.0,390.0,162,0.0,NULL,NULL,'P',NULL,NULL,NULL,5.0,5.0,NULL,NULL,'162',-5.0,-5.0);
INSERT INTO "trackitems" VALUES(NULL,0.0,275.0,360.0,163,NULL,NULL,NULL,'L',NULL,NULL,'',275.0,385.0,NULL,40.0,'163',NULL,NULL);
INSERT INTO "trackitems" VALUES(NULL,0.0,280.0,395.0,164,NULL,NULL,NULL,'L',NULL,NULL,'',310.0,425.0,NULL,40.0,'164',NULL,NULL);
INSERT INTO "trackitems" VALUES(NULL,0.0,250.0,370.0,165,NULL,NULL,NULL,'L',NULL,NULL,'',250.0,405.0,NULL,40.0,'165',NULL,NULL);
INSERT INTO "trackitems" VALUES(NULL,0.0,250.0,405.0,166,NULL,NULL,NULL,'L',NULL,NULL,'',320.0,475.0,NULL,70.0,'166',NULL,NULL);
INSERT INTO "trackitems" VALUES(NULL,0.0,325.0,360.0,167,NULL,NULL,NULL,'L',NULL,NULL,'',325.0,420.0,NULL,80.0,'167',NULL,NULL);
INSERT INTO "trackitems" VALUES(NULL,0.0,350.0,360.0,168,NULL,NULL,NULL,'L',NULL,NULL,'',350.0,460.0,NULL,120.0,'168',NULL,NULL);
INSERT INTO "trackitems" VALUES(5.0,0.0,325.0,425.0,169,5.0,NULL,NULL,'P',NULL,NULL,NULL,0.0,-5.0,NULL,NULL,'169',0.0,5.0);
INSERT INTO "trackitems" VALUES(NULL,0.0,330.0,430.0,170,NULL,NULL,NULL,'L',NULL,NULL,'',335.0,435.0,NULL,1.0,'170',NULL,NULL);
INSERT INTO "trackitems" VALUES(NULL,0.0,335.0,435.0,171,NULL,NULL,NULL,'L',177,NULL,'',335.0,445.0,NULL,1.0,'171',NULL,NULL);
INSERT INTO "trackitems" VALUES(-5.0,0.0,335.0,450.0,172,0.0,NULL,NULL,'P',NULL,NULL,NULL,5.0,5.0,NULL,NULL,'172',-5.0,-5.0);
INSERT INTO "trackitems" VALUES(-5.0,0.0,350.0,465.0,173,-5.0,NULL,NULL,'P',NULL,NULL,NULL,0.0,5.0,NULL,NULL,'173',0.0,-5.0);
INSERT INTO "trackitems" VALUES(NULL,0.0,340.0,455.0,174,NULL,NULL,NULL,'L',NULL,NULL,'',345.0,460.0,NULL,40.0,'174',NULL,NULL);
INSERT INTO "trackitems" VALUES(5.0,0.0,315.0,430.0,175,0.0,NULL,NULL,'P',NULL,NULL,NULL,-5.0,-5.0,NULL,NULL,'175',5.0,5.0);
INSERT INTO "trackitems" VALUES(NULL,0.0,315.0,435.0,176,NULL,NULL,NULL,'L',NULL,NULL,'',315.0,445.0,NULL,1.0,'176',NULL,NULL);
INSERT INTO "trackitems" VALUES(NULL,0.0,315.0,445.0,177,NULL,NULL,NULL,'L',171,NULL,'',320.0,450.0,NULL,1.0,'177',NULL,NULL);
INSERT INTO "trackitems" VALUES(-5.0,0.0,325.0,455.0,178,-5.0,NULL,NULL,'P',NULL,NULL,NULL,0.0,5.0,NULL,NULL,'178',0.0,-5.0);
INSERT INTO "trackitems" VALUES(NULL,0.0,325.0,430.0,179,NULL,NULL,NULL,'L',180,NULL,'',325.0,450.0,NULL,1.0,'179',NULL,NULL);
INSERT INTO "trackitems" VALUES(NULL,0.0,320.0,435.0,180,NULL,NULL,NULL,'L',179,NULL,'',330.0,445.0,NULL,1.0,'180',NULL,NULL);
INSERT INTO "trackitems" VALUES(-5.0,0.0,325.0,480.0,181,-5.0,NULL,NULL,'P',NULL,NULL,NULL,0.0,5.0,NULL,NULL,'181',0.0,-5.0);
INSERT INTO "trackitems" VALUES(NULL,0.0,325.0,460.0,182,NULL,NULL,NULL,'L',NULL,NULL,'',325.0,475.0,NULL,30.0,'182',NULL,NULL);
INSERT INTO "trackitems" VALUES(NULL,0.0,175.0,360.0,183,NULL,NULL,NULL,'L',NULL,NULL,'',175.0,375.0,NULL,1.0,'183',NULL,NULL);
INSERT INTO "trackitems" VALUES(NULL,0.0,200.0,360.0,184,NULL,NULL,NULL,'L',NULL,NULL,'',200.0,375.0,NULL,1.0,'184',NULL,NULL);
INSERT INTO "trackitems" VALUES(5.0,0.0,200.0,380.0,185,-5.0,NULL,NULL,'P',NULL,NULL,NULL,0.0,-5.0,NULL,NULL,'185',0.0,5.0);
INSERT INTO "trackitems" VALUES(5.0,0.0,175.0,380.0,186,5.0,NULL,NULL,'P',NULL,NULL,NULL,0.0,-5.0,NULL,NULL,'186',0.0,5.0);
INSERT INTO "trackitems" VALUES(-5.0,0.0,175.0,405.0,187,5.0,NULL,NULL,'P',NULL,NULL,NULL,0.0,5.0,NULL,NULL,'187',0.0,-5.0);
INSERT INTO "trackitems" VALUES(-5.0,0.0,200.0,405.0,188,-5.0,NULL,NULL,'P',NULL,NULL,NULL,0.0,5.0,NULL,NULL,'188',0.0,-5.0);
INSERT INTO "trackitems" VALUES(NULL,0.0,175.0,385.0,189,NULL,NULL,NULL,'L',NULL,NULL,'',175.0,400.0,NULL,40.0,'189',NULL,NULL);
INSERT INTO "trackitems" VALUES(NULL,0.0,200.0,385.0,190,NULL,NULL,NULL,'L',NULL,NULL,'',200.0,400.0,NULL,40.0,'190',NULL,NULL);
INSERT INTO "trackitems" VALUES(NULL,0.0,180.0,385.0,191,NULL,NULL,NULL,'L',192,NULL,'',195.0,400.0,NULL,40.0,'191',NULL,NULL);
INSERT INTO "trackitems" VALUES(NULL,0.0,195.0,385.0,192,NULL,NULL,NULL,'L',191,NULL,'',180.0,400.0,NULL,40.0,'192',NULL,NULL);
INSERT INTO "trackitems" VALUES(5.0,0.0,125.0,380.0,193,-5.0,NULL,NULL,'P',NULL,NULL,NULL,0.0,-5.0,NULL,NULL,'193',0.0,5.0);
INSERT INTO "trackitems" VALUES(-5.0,0.0,100.0,405.0,194,5.0,NULL,NULL,'P',NULL,NULL,NULL,0.0,5.0,NULL,NULL,'194',0.0,-5.0);
INSERT INTO "trackitems" VALUES(NULL,0.0,120.0,385.0,195,NULL,NULL,NULL,'L',NULL,NULL,'',105.0,400.0,NULL,40.0,'195',NULL,NULL);
INSERT INTO "trackitems" VALUES(NULL,0.0,100.0,360.0,196,NULL,NULL,NULL,'L',NULL,NULL,'',100.0,400.0,NULL,40.0,'196',NULL,NULL);
INSERT INTO "trackitems" VALUES(NULL,0.0,125.0,360.0,197,NULL,NULL,NULL,'L',NULL,NULL,'',125.0,375.0,NULL,1.0,'197',NULL,NULL);
INSERT INTO "trackitems" VALUES(NULL,0.0,125.0,385.0,198,NULL,NULL,NULL,'L',NULL,NULL,'',125.0,500.0,NULL,100.0,'198',NULL,NULL);
INSERT INTO "trackitems" VALUES(5.0,0.0,25.0,380.0,199,5.0,NULL,NULL,'P',NULL,NULL,NULL,0.0,-5.0,NULL,NULL,'199',0.0,5.0);
INSERT INTO "trackitems" VALUES(NULL,0.0,25.0,360.0,200,NULL,NULL,NULL,'L',NULL,NULL,'',25.0,375.0,NULL,1.0,'200',NULL,NULL);
INSERT INTO "trackitems" VALUES(NULL,0.0,50.0,360.0,201,NULL,NULL,NULL,'L',NULL,NULL,'',50.0,400.0,NULL,40.0,'201',NULL,NULL);
INSERT INTO "trackitems" VALUES(-5.0,0.0,50.0,405.0,202,-5.0,NULL,NULL,'P',NULL,NULL,NULL,0.0,5.0,NULL,NULL,'202',0.0,-5.0);
INSERT INTO "trackitems" VALUES(NULL,0.0,30.0,385.0,203,NULL,NULL,NULL,'L',NULL,NULL,'',45.0,400.0,NULL,40.0,'203',NULL,NULL);
INSERT INTO "trackitems" VALUES(NULL,0.0,25.0,385.0,204,NULL,NULL,NULL,'L',NULL,NULL,'',25.0,445.0,NULL,50.0,'204',NULL,NULL);
INSERT INTO "trackitems" VALUES(NULL,0.0,50.0,410.0,205,NULL,NULL,NULL,'L',NULL,NULL,'',50.0,425.0,NULL,20.0,'205',NULL,NULL);
INSERT INTO "trackitems" VALUES(5.0,0.0,50.0,430.0,206,5.0,NULL,NULL,'P',NULL,NULL,NULL,0.0,-5.0,NULL,NULL,'206',0.0,5.0);
INSERT INTO "trackitems" VALUES(NULL,0.0,50.0,435.0,207,NULL,NULL,NULL,'L',NULL,NULL,'',50.0,465.0,NULL,20.0,'207',NULL,NULL);
INSERT INTO "trackitems" VALUES(-5.0,0.0,50.0,470.0,208,0.0,NULL,NULL,'P',NULL,NULL,NULL,5.0,5.0,NULL,NULL,'208',-5.0,-5.0);
INSERT INTO "trackitems" VALUES(NULL,0.0,45.0,465.0,209,NULL,NULL,NULL,'L',NULL,NULL,'',25.0,445.0,NULL,30.0,'209',NULL,NULL);
INSERT INTO "trackitems" VALUES(NULL,0.0,55.0,435.0,210,NULL,NULL,NULL,'L',213,NULL,'',105.0,485.0,NULL,20.0,'210',NULL,NULL);
INSERT INTO "trackitems" VALUES(NULL,0.0,100.0,410.0,211,NULL,NULL,NULL,'L',NULL,NULL,'',100.0,460.0,NULL,40.0,'211',NULL,NULL);
INSERT INTO "trackitems" VALUES(5.0,0.0,100.0,465.0,212,5.0,NULL,NULL,'P',NULL,NULL,NULL,0.0,-5.0,NULL,NULL,'212',0.0,5.0);
INSERT INTO "trackitems" VALUES(NULL,0.0,100.0,470.0,213,NULL,NULL,NULL,'L',210,NULL,'',100.0,515.0,NULL,20.0,'213',NULL,NULL);
INSERT INTO "trackitems" VALUES(NULL,0.0,55.0,475.0,214,NULL,NULL,NULL,'L',NULL,NULL,'',95.0,515.0,NULL,20.0,'214',NULL,NULL);
INSERT INTO "trackitems" VALUES(-5.0,0.0,100.0,520.0,215,0.0,NULL,NULL,'P',NULL,NULL,NULL,5.0,5.0,NULL,NULL,'215',-5.0,-5.0);
INSERT INTO "trackitems" VALUES(-5.0,0.0,110.0,490.0,216,0.0,NULL,NULL,'P',NULL,NULL,NULL,5.0,5.0,NULL,NULL,'216',-5.0,-5.0);
INSERT INTO "trackitems" VALUES(NULL,0.0,110.0,475.0,217,NULL,NULL,NULL,'L',NULL,NULL,'',110.0,485.0,NULL,1.0,'217',NULL,NULL);
INSERT INTO "trackitems" VALUES(NULL,0.0,105.0,470.0,218,NULL,NULL,NULL,'L',NULL,NULL,'',110.0,475.0,NULL,1.0,'218',NULL,NULL);
INSERT INTO "trackitems" VALUES(-5.0,0.0,125.0,505.0,219,0.0,NULL,NULL,'P',NULL,NULL,NULL,5.0,5.0,NULL,NULL,'219',-5.0,-5.0);
INSERT INTO "trackitems" VALUES(NULL,0.0,115.0,495.0,220,NULL,NULL,NULL,'L',NULL,NULL,'',120.0,500.0,NULL,1.0,'220',NULL,NULL);
INSERT INTO "trackitems" VALUES(NULL,0.0,105.0,525.0,221,NULL,NULL,NULL,'L',NULL,NULL,'',320.0,740.0,NULL,95.0,'221',NULL,NULL);
INSERT INTO "trackitems" VALUES(NULL,0.0,130.0,510.0,222,NULL,NULL,NULL,'L',243,NULL,'',330.0,710.0,NULL,80.0,'222',NULL,NULL);
INSERT INTO "trackitems" VALUES(NULL,0.0,200.0,410.0,223,NULL,NULL,NULL,'L',NULL,NULL,'',200.0,445.0,NULL,20.0,'223',NULL,NULL);
INSERT INTO "trackitems" VALUES(NULL,0.0,200.0,445.0,224,NULL,NULL,NULL,'L',227,NULL,'',335.0,580.0,NULL,105.0,'224',NULL,NULL);
INSERT INTO "trackitems" VALUES(NULL,0.0,175.0,460.0,225,NULL,NULL,NULL,'L',NULL,NULL,'',310.0,595.0,NULL,90.0,'225',NULL,NULL);
INSERT INTO "trackitems" VALUES(NULL,0.0,175.0,410.0,226,NULL,NULL,NULL,'L',NULL,NULL,'',175.0,460.0,NULL,35.0,'226',NULL,NULL);
INSERT INTO "trackitems" VALUES(NULL,0.0,325.0,485.0,227,NULL,NULL,NULL,'L',224,NULL,'',325.0,590.0,NULL,55.0,'227',NULL,NULL);
INSERT INTO "trackitems" VALUES(5.0,0.0,325.0,595.0,228,5.0,NULL,NULL,'P',NULL,NULL,NULL,0.0,-5.0,NULL,NULL,'228',0.0,5.0);
INSERT INTO "trackitems" VALUES(5.0,0.0,315.0,600.0,229,0.0,NULL,NULL,'P',NULL,NULL,NULL,-5.0,-5.0,NULL,NULL,'229',5.0,5.0);
INSERT INTO "trackitems" VALUES(NULL,0.0,315.0,605.0,230,NULL,NULL,NULL,'L',NULL,NULL,'',315.0,615.0,NULL,1.0,'230',NULL,NULL);
INSERT INTO "trackitems" VALUES(-5.0,0.0,325.0,625.0,231,-5.0,NULL,NULL,'P',NULL,NULL,NULL,0.0,5.0,NULL,NULL,'231',0.0,-5.0);
INSERT INTO "trackitems" VALUES(NULL,0.0,315.0,615.0,232,NULL,NULL,NULL,'L',234,NULL,'',320.0,620.0,NULL,1.0,'232',NULL,NULL);
INSERT INTO "trackitems" VALUES(NULL,0.0,330.0,600.0,233,NULL,NULL,NULL,'L',NULL,NULL,'',335.0,605.0,NULL,1.0,'233',NULL,NULL);
INSERT INTO "trackitems" VALUES(NULL,0.0,335.0,605.0,234,NULL,NULL,NULL,'L',232,NULL,'',335.0,615.0,NULL,1.0,'234',NULL,NULL);
INSERT INTO "trackitems" VALUES(-5.0,0.0,335.0,620.0,235,0.0,NULL,NULL,'P',NULL,NULL,NULL,5.0,5.0,NULL,NULL,'235',-5.0,-5.0);
INSERT INTO "trackitems" VALUES(NULL,0.0,325.0,600.0,236,NULL,NULL,NULL,'L',237,NULL,'',325.0,620.0,NULL,1.0,'236',NULL,NULL);
INSERT INTO "trackitems" VALUES(NULL,0.0,320.0,605.0,237,NULL,NULL,NULL,'L',236,NULL,'',330.0,615.0,NULL,1.0,'237',NULL,NULL);
INSERT INTO "trackitems" VALUES(NULL,0.0,325.0,630.0,238,NULL,NULL,NULL,'L',NULL,NULL,'',325.0,685.0,NULL,15.0,'238',NULL,NULL);
INSERT INTO "trackitems" VALUES(5.0,0.0,325.0,690.0,239,5.0,NULL,NULL,'P',NULL,NULL,NULL,0.0,-5.0,NULL,NULL,'239',0.0,5.0);
INSERT INTO "trackitems" VALUES(NULL,0.0,330.0,695.0,240,NULL,NULL,NULL,'L',NULL,NULL,'',335.0,700.0,NULL,1.0,'240',NULL,NULL);
INSERT INTO "trackitems" VALUES(NULL,0.0,335.0,700.0,241,NULL,NULL,NULL,'L',NULL,NULL,'',335.0,710.0,NULL,1.0,'241',NULL,NULL);
INSERT INTO "trackitems" VALUES(-5.0,0.0,335.0,715.0,242,0.0,NULL,NULL,'P',NULL,NULL,NULL,5.0,5.0,NULL,NULL,'242',-5.0,-5.0);
INSERT INTO "trackitems" VALUES(NULL,0.0,325.0,695.0,243,NULL,NULL,NULL,'L',222,NULL,'',325.0,740.0,NULL,15.0,'243',NULL,NULL);
INSERT INTO "trackitems" VALUES(-5.0,0.0,325.0,745.0,244,-5.0,NULL,NULL,'P',NULL,NULL,NULL,0.0,5.0,NULL,NULL,'244',0.0,-5.0);
INSERT INTO "trackitems" VALUES(NULL,0.0,325.0,750.0,245,NULL,NULL,NULL,'S',NULL,NULL,NULL,NULL,NULL,0,NULL,'55',NULL,NULL);
INSERT INTO "trackitems" VALUES(NULL,0.0,350.0,470.0,246,NULL,NULL,NULL,'L',NULL,NULL,'',350.0,575.0,NULL,45.0,'246',NULL,NULL);
INSERT INTO "trackitems" VALUES(5.0,0.0,350.0,580.0,247,5.0,NULL,NULL,'P',NULL,NULL,NULL,0.0,-5.0,NULL,NULL,'247',0.0,5.0);
INSERT INTO "trackitems" VALUES(NULL,0.0,355.0,585.0,248,NULL,NULL,NULL,'L',NULL,NULL,'',360.0,590.0,NULL,1.0,'248',NULL,NULL);
INSERT INTO "trackitems" VALUES(NULL,0.0,360.0,590.0,249,NULL,NULL,NULL,'L',252,NULL,'',360.0,600.0,NULL,1.0,'249',NULL,NULL);
INSERT INTO "trackitems" VALUES(-5.0,0.0,360.0,605.0,250,0.0,NULL,NULL,'P',NULL,NULL,NULL,5.0,5.0,NULL,NULL,'250',-5.0,-5.0);
INSERT INTO "trackitems" VALUES(5.0,0.0,340.0,585.0,251,0.0,NULL,NULL,'P',NULL,NULL,NULL,-5.0,-5.0,NULL,NULL,'251',5.0,5.0);
INSERT INTO "trackitems" VALUES(NULL,0.0,340.0,590.0,252,NULL,NULL,NULL,'L',249,NULL,'',340.0,600.0,NULL,1.0,'252',NULL,NULL);
INSERT INTO "trackitems" VALUES(NULL,0.0,340.0,600.0,253,NULL,NULL,NULL,'L',NULL,NULL,'',345.0,605.0,NULL,1.0,'253',NULL,NULL);
INSERT INTO "trackitems" VALUES(-5.0,0.0,350.0,610.0,254,-5.0,NULL,NULL,'P',NULL,NULL,NULL,0.0,5.0,NULL,NULL,'254',0.0,-5.0);
INSERT INTO "trackitems" VALUES(NULL,0.0,345.0,590.0,255,NULL,NULL,NULL,'L',256,NULL,'',355.0,600.0,NULL,1.0,'255',NULL,NULL);
INSERT INTO "trackitems" VALUES(NULL,0.0,350.0,585.0,256,NULL,NULL,NULL,'L',255,NULL,'',350.0,605.0,NULL,1.0,'256',NULL,NULL);
INSERT INTO "trackitems" VALUES(NULL,13.4,350.0,810.0,257,NULL,NULL,NULL,'SN',NULL,NULL,NULL,NULL,NULL,0,NULL,'257',NULL,NULL);
INSERT INTO "trackitems" VALUES(NULL,13.4,350.0,795.0,258,NULL,NULL,NULL,'S',NULL,NULL,NULL,NULL,NULL,1,NULL,'54',NULL,NULL);
INSERT INTO "trackitems" VALUES(NULL,0.0,340.0,625.0,259,NULL,NULL,NULL,'L',264,NULL,'',355.0,640.0,NULL,15.0,'259',NULL,NULL);
INSERT INTO "trackitems" VALUES(-5.0,0.0,360.0,645.0,260,0.0,NULL,NULL,'P',NULL,NULL,NULL,5.0,5.0,NULL,NULL,'260',-5.0,-5.0);
INSERT INTO "trackitems" VALUES(NULL,0.0,360.0,640.0,261,NULL,NULL,NULL,'L',NULL,NULL,'',360.0,630.0,NULL,1.0,'261',NULL,NULL);
INSERT INTO "trackitems" VALUES(5.0,0.0,350.0,620.0,262,5.0,NULL,NULL,'P',NULL,NULL,NULL,0.0,-5.0,NULL,NULL,'262',0.0,5.0);
INSERT INTO "trackitems" VALUES(NULL,0.0,355.0,625.0,263,NULL,NULL,NULL,'L',NULL,NULL,'',360.0,630.0,NULL,1.0,'263',NULL,NULL);
INSERT INTO "trackitems" VALUES(NULL,0.0,350.0,625.0,264,NULL,NULL,NULL,'L',259,NULL,'',350.0,725.0,NULL,30.0,'264',NULL,NULL);
INSERT INTO "trackitems" VALUES(-5.0,0.0,350.0,730.0,265,-5.0,NULL,NULL,'P',NULL,NULL,NULL,0.0,5.0,NULL,NULL,'265',0.0,-5.0);
INSERT INTO "trackitems" VALUES(NULL,0.0,340.0,720.0,266,NULL,NULL,NULL,'L',NULL,NULL,'',345.0,725.0,NULL,15.0,'266',NULL,NULL);
INSERT INTO "trackitems" VALUES(NULL,13.4,350.0,795.0,267,NULL,NULL,NULL,'L',NULL,NULL,'',350.0,810.0,NULL,60.0,'267',NULL,NULL);
INSERT INTO "trackitems" VALUES(NULL,0.0,365.0,650.0,268,NULL,NULL,NULL,'L',NULL,NULL,'',400.0,685.0,NULL,10.0,'268',NULL,NULL);
INSERT INTO "trackitems" VALUES(NULL,0.0,365.0,610.0,269,NULL,NULL,NULL,'L',NULL,NULL,'',425.0,670.0,NULL,25.0,'269',NULL,NULL);
INSERT INTO "trackitems" VALUES(NULL,0.0,425.0,730.0,270,NULL,NULL,NULL,'S',NULL,NULL,NULL,NULL,NULL,1,NULL,'56',NULL,NULL);
INSERT INTO "trackitems" VALUES(NULL,0.0,400.0,685.0,271,NULL,NULL,NULL,'L',NULL,NULL,'',400.0,745.0,NULL,20.0,'271',NULL,NULL);
INSERT INTO "trackitems" VALUES(NULL,0.0,425.0,730.0,272,NULL,NULL,NULL,'L',297,NULL,'',495.0,800.0,NULL,50.0,'272',NULL,NULL);
INSERT INTO "trackitems" VALUES(NULL,0.0,400.0,745.0,273,NULL,NULL,NULL,'L',NULL,NULL,'',470.0,815.0,NULL,30.0,'273',NULL,NULL);
INSERT INTO "trackitems" VALUES(NULL,0.0,575.0,410.0,274,NULL,NULL,NULL,'L',NULL,NULL,'',575.0,525.0,NULL,100.0,'274',NULL,NULL);
INSERT INTO "trackitems" VALUES(NULL,0.0,475.0,435.0,275,NULL,NULL,NULL,'L',NULL,NULL,'',475.0,465.0,NULL,10.0,'275',NULL,NULL);
INSERT INTO "trackitems" VALUES(5.0,0.0,500.0,455.0,276,5.0,NULL,NULL,'P',NULL,NULL,NULL,0.0,-5.0,NULL,NULL,'276',0.0,5.0);
INSERT INTO "trackitems" VALUES(NULL,0.0,500.0,435.0,277,NULL,NULL,NULL,'L',NULL,NULL,'',500.0,450.0,NULL,10.0,'277',NULL,NULL);
INSERT INTO "trackitems" VALUES(NULL,0.0,505.0,460.0,278,NULL,NULL,NULL,'L',280,NULL,'',570.0,525.0,NULL,30.0,'278',NULL,NULL);
INSERT INTO "trackitems" VALUES(-5.0,0.0,575.0,530.0,279,-5.0,NULL,NULL,'P',NULL,NULL,NULL,0.0,5.0,NULL,NULL,'279',0.0,-5.0);
INSERT INTO "trackitems" VALUES(NULL,0.0,550.0,435.0,280,NULL,NULL,NULL,'L',278,NULL,'',550.0,540.0,NULL,80.0,'280',NULL,NULL);
INSERT INTO "trackitems" VALUES(NULL,0.0,575.0,535.0,281,NULL,NULL,NULL,'L',NULL,NULL,'',575.0,550.0,NULL,10.0,'281',NULL,NULL);
INSERT INTO "trackitems" VALUES(NULL,0.0,575.0,610.0,282,NULL,NULL,NULL,'S',NULL,NULL,NULL,NULL,NULL,1,NULL,'60',NULL,NULL);
INSERT INTO "trackitems" VALUES(5.0,0.0,475.0,470.0,283,5.0,NULL,NULL,'P',NULL,NULL,NULL,0.0,-5.0,NULL,NULL,'283',0.0,5.0);
INSERT INTO "trackitems" VALUES(NULL,0.0,480.0,475.0,284,NULL,NULL,NULL,'L',287,NULL,'',545.0,540.0,NULL,30.0,'284',NULL,NULL);
INSERT INTO "trackitems" VALUES(NULL,0.0,550.0,550.0,285,NULL,NULL,NULL,'L',NULL,NULL,'',550.0,720.0,NULL,1.0,'285',NULL,NULL);
INSERT INTO "trackitems" VALUES(-5.0,0.0,550.0,545.0,286,-5.0,NULL,NULL,'P',NULL,NULL,NULL,0.0,5.0,NULL,NULL,'286',0.0,-5.0);
INSERT INTO "trackitems" VALUES(NULL,0.0,500.0,460.0,287,NULL,NULL,NULL,'L',284,NULL,'',500.0,610.0,NULL,30.0,'287',NULL,NULL);
INSERT INTO "trackitems" VALUES(NULL,0.0,475.0,475.0,288,NULL,NULL,NULL,'L',291,NULL,'',475.0,625.0,NULL,30.0,'288',NULL,NULL);
INSERT INTO "trackitems" VALUES(NULL,0.0,400.0,555.0,289,NULL,NULL,NULL,'L',NULL,NULL,'',470.0,625.0,NULL,30.0,'289',NULL,NULL);
INSERT INTO "trackitems" VALUES(NULL,0.0,400.0,510.0,290,NULL,NULL,NULL,'L',NULL,NULL,'',400.0,555.0,NULL,10.0,'290',NULL,NULL);
INSERT INTO "trackitems" VALUES(NULL,0.0,425.0,540.0,291,NULL,NULL,NULL,'L',288,NULL,'',495.0,610.0,NULL,30.0,'291',NULL,NULL);
INSERT INTO "trackitems" VALUES(NULL,0.0,425.0,510.0,292,NULL,NULL,NULL,'L',NULL,NULL,'',425.0,540.0,NULL,10.0,'292',NULL,NULL);
INSERT INTO "trackitems" VALUES(-5.0,0.0,475.0,630.0,293,-5.0,NULL,NULL,'P',NULL,NULL,NULL,0.0,5.0,NULL,NULL,'293',0.0,-5.0);
INSERT INTO "trackitems" VALUES(-5.0,0.0,500.0,615.0,294,-5.0,NULL,NULL,'P',NULL,NULL,NULL,0.0,5.0,NULL,NULL,'294',0.0,-5.0);
INSERT INTO "trackitems" VALUES(NULL,0.0,500.0,620.0,295,NULL,NULL,NULL,'L',NULL,NULL,'',500.0,635.0,NULL,10.0,'295',NULL,NULL);
INSERT INTO "trackitems" VALUES(NULL,0.0,500.0,695.0,296,NULL,NULL,NULL,'S',NULL,NULL,NULL,NULL,NULL,1,NULL,'58',NULL,NULL);
INSERT INTO "trackitems" VALUES(NULL,0.0,475.0,635.0,297,NULL,NULL,NULL,'L',272,NULL,'',475.0,815.0,NULL,80.0,'297',NULL,NULL);
INSERT INTO "trackitems" VALUES(NULL,0.0,500.0,695.0,298,NULL,NULL,NULL,'L',NULL,NULL,'',500.0,800.0,NULL,70.0,'298',NULL,NULL);
INSERT INTO "trackitems" VALUES(-5.0,0.0,500.0,805.0,299,-5.0,NULL,NULL,'P',NULL,NULL,NULL,0.0,5.0,NULL,NULL,'299',0.0,-5.0);
INSERT INTO "trackitems" VALUES(NULL,0.0,475.0,825.0,300,NULL,NULL,NULL,'S',NULL,NULL,NULL,NULL,NULL,0,NULL,'57',NULL,NULL);
INSERT INTO "trackitems" VALUES(-5.0,0.0,475.0,820.0,302,-5.0,NULL,NULL,'P',NULL,NULL,NULL,0.0,5.0,NULL,NULL,'302',0.0,-5.0);
INSERT INTO "trackitems" VALUES(NULL,0.0,550.0,720.0,303,NULL,NULL,NULL,'S',NULL,NULL,NULL,NULL,NULL,0,NULL,'59',NULL,NULL);
INSERT INTO "trackitems" VALUES(NULL,0.0,575.0,610.0,304,NULL,NULL,NULL,'L',NULL,NULL,'',575.0,720.0,NULL,80.0,'304',NULL,NULL);
INSERT INTO "trackitems" VALUES(NULL,0.0,500.0,810.0,305,NULL,NULL,NULL,'L',NULL,NULL,'',500.0,825.0,NULL,10.0,'305',NULL,NULL);
INSERT INTO "trackitems" VALUES(NULL,13.4,325.0,810.0,306,NULL,NULL,NULL,'L',NULL,NULL,'',325.0,885.0,NULL,60.0,'306',NULL,NULL);
INSERT INTO "trackitems" VALUES(NULL,0.0,500.0,825.0,307,NULL,NULL,NULL,'SN',NULL,NULL,NULL,NULL,NULL,0,NULL,'307',NULL,NULL);
INSERT INTO "trackitems" VALUES(NULL,0.0,575.0,720.0,308,NULL,NULL,NULL,'SN',NULL,NULL,NULL,NULL,NULL,0,NULL,'308',NULL,NULL);
INSERT INTO "trackitems" VALUES(NULL,13.4,550.0,780.0,309,NULL,NULL,NULL,'L',NULL,NULL,'',550.0,970.0,NULL,245.0,'309',NULL,NULL);
INSERT INTO "trackitems" VALUES(NULL,13.4,350.0,870.0,310,NULL,NULL,NULL,'L',NULL,NULL,'',425.0,945.0,NULL,60.0,'310',NULL,NULL);
INSERT INTO "trackitems" VALUES(NULL,13.4,325.0,885.0,311,NULL,NULL,NULL,'L',NULL,NULL,'',400.0,960.0,NULL,60.0,'311',NULL,NULL);
INSERT INTO "trackitems" VALUES(NULL,13.4,425.0,945.0,312,NULL,NULL,NULL,'L',NULL,NULL,'',425.0,970.0,NULL,60.0,'312',NULL,NULL);
INSERT INTO "trackitems" VALUES(NULL,13.4,400.0,960.0,313,NULL,NULL,NULL,'L',NULL,NULL,'',400.0,970.0,NULL,60.0,'313',NULL,NULL);
INSERT INTO "trackitems" VALUES(NULL,0.0,375.0,980.0,314,NULL,NULL,NULL,'L',NULL,NULL,'',450.0,980.0,NULL,1.0,'314',NULL,NULL);
INSERT INTO "trackitems" VALUES(NULL,0.0,375.0,980.0,315,NULL,NULL,NULL,'L',NULL,NULL,'',370.0,970.0,NULL,1.0,'315',NULL,NULL);
INSERT INTO "trackitems" VALUES(NULL,0.0,450.0,980.0,316,NULL,NULL,NULL,'L',NULL,NULL,'',455.0,970.0,NULL,1.0,'316',NULL,NULL);
INSERT INTO "trackitems" VALUES(NULL,0.0,370.0,970.0,317,NULL,NULL,NULL,'E',NULL,NULL,NULL,NULL,NULL,NULL,NULL,'317',NULL,NULL);
INSERT INTO "trackitems" VALUES(NULL,0.0,455.0,970.0,318,NULL,NULL,NULL,'E',NULL,NULL,NULL,NULL,NULL,NULL,NULL,'318',NULL,NULL);
INSERT INTO "trackitems" VALUES(NULL,13.4,400.0,970.0,319,NULL,NULL,NULL,'LI',NULL,NULL,'',400.0,990.0,NULL,1.0,'319',NULL,NULL);
INSERT INTO "trackitems" VALUES(NULL,13.4,425.0,970.0,320,NULL,NULL,NULL,'LI',NULL,NULL,'',425.0,990.0,NULL,1.0,'320',NULL,NULL);
INSERT INTO "trackitems" VALUES(NULL,0.0,355.0,1065.0,321,NULL,NULL,NULL,'ZT',NULL,NULL,NULL,NULL,NULL,NULL,NULL,'BISHOPSGATE TUNNEL',NULL,NULL);
INSERT INTO "trackitems" VALUES(NULL,13.4,400.0,990.0,322,NULL,NULL,NULL,'L',NULL,NULL,'',400.0,1075.0,NULL,250.0,'322',NULL,NULL);
INSERT INTO "trackitems" VALUES(NULL,13.4,400.0,1075.0,323,NULL,NULL,NULL,'S',NULL,NULL,NULL,NULL,NULL,0,NULL,'61',NULL,NULL);
INSERT INTO "trackitems" VALUES(NULL,13.4,475.0,885.0,324,NULL,NULL,NULL,'L',NULL,NULL,'',475.0,1010.0,NULL,290.0,'324',NULL,NULL);
INSERT INTO "trackitems" VALUES(NULL,13.4,500.0,885.0,325,NULL,NULL,NULL,'L',NULL,NULL,'',500.0,970.0,NULL,160.0,'325',NULL,NULL);
INSERT INTO "trackitems" VALUES(NULL,13.4,575.0,780.0,326,NULL,NULL,NULL,'L',NULL,NULL,'',575.0,970.0,NULL,170.0,'326',NULL,NULL);
INSERT INTO "trackitems" VALUES(NULL,0.0,500.0,1030.0,327,NULL,NULL,NULL,'S',NULL,NULL,NULL,NULL,NULL,1,NULL,'66',NULL,NULL);
INSERT INTO "trackitems" VALUES(NULL,13.4,575.0,1030.0,328,NULL,NULL,NULL,'S',NULL,NULL,NULL,NULL,NULL,1,NULL,'68',NULL,NULL);
INSERT INTO "trackitems" VALUES(NULL,13.4,500.0,1030.0,329,NULL,NULL,NULL,'L',NULL,NULL,'',500.0,1070.0,NULL,135.0,'329',NULL,NULL);
INSERT INTO "trackitems" VALUES(NULL,13.4,575.0,1030.0,330,NULL,NULL,NULL,'L',NULL,NULL,'',575.0,1170.0,NULL,265.0,'330',NULL,NULL);
INSERT INTO "trackitems" VALUES(NULL,13.4,475.0,1010.0,331,NULL,NULL,NULL,'S',NULL,NULL,NULL,NULL,NULL,0,NULL,'63',NULL,NULL);
INSERT INTO "trackitems" VALUES(NULL,13.4,550.0,970.0,332,NULL,NULL,NULL,'S',NULL,NULL,NULL,NULL,NULL,0,NULL,'65',NULL,NULL);
INSERT INTO "trackitems" VALUES(5.0,17.9,500.0,1075.0,333,5.0,NULL,NULL,'P',NULL,NULL,NULL,0.0,-5.0,NULL,NULL,'333',0.0,5.0);
INSERT INTO "trackitems" VALUES(NULL,13.4,505.0,1080.0,334,NULL,NULL,NULL,'L',NULL,NULL,'',545.0,1120.0,NULL,60.0,'334',NULL,NULL);
INSERT INTO "trackitems" VALUES(-5.0,13.4,550.0,1125.0,335,-5.0,NULL,NULL,'P',NULL,NULL,NULL,0.0,5.0,NULL,NULL,'335',0.0,-5.0);
INSERT INTO "trackitems" VALUES(NULL,13.4,550.0,1030.0,336,NULL,NULL,NULL,'L',NULL,NULL,'',550.0,1060.0,NULL,75.0,'336',NULL,NULL);
INSERT INTO "trackitems" VALUES(NULL,13.4,550.0,1130.0,337,NULL,NULL,NULL,'L',NULL,NULL,'',550.0,1145.0,NULL,10.0,'337',NULL,NULL);
INSERT INTO "trackitems" VALUES(5.0,13.4,550.0,1150.0,338,5.0,NULL,NULL,'P',NULL,NULL,NULL,0.0,-5.0,NULL,NULL,'338',0.0,5.0);
INSERT INTO "trackitems" VALUES(NULL,13.4,555.0,1155.0,339,NULL,NULL,NULL,'L',NULL,NULL,'',570.0,1170.0,NULL,60.0,'339',NULL,NULL);
INSERT INTO "trackitems" VALUES(-5.0,13.4,575.0,1175.0,340,-5.0,NULL,NULL,'P',NULL,NULL,NULL,0.0,5.0,NULL,NULL,'340',0.0,-5.0);
INSERT INTO "trackitems" VALUES(NULL,13.4,575.0,1180.0,341,NULL,NULL,NULL,'L',NULL,NULL,'',575.0,1195.0,NULL,10.0,'341',NULL,NULL);
INSERT INTO "trackitems" VALUES(NULL,17.9,500.0,1080.0,342,NULL,NULL,NULL,'L',NULL,NULL,'',500.0,1195.0,NULL,140.0,'342',NULL,NULL);
INSERT INTO "trackitems" VALUES(NULL,13.4,550.0,1120.0,343,NULL,NULL,NULL,'SN',NULL,NULL,NULL,NULL,NULL,1,NULL,'343',NULL,NULL);
INSERT INTO "trackitems" VALUES(NULL,17.9,575.0,1255.0,344,NULL,NULL,NULL,'S',NULL,NULL,NULL,NULL,NULL,1,NULL,'74',NULL,NULL);
INSERT INTO "trackitems" VALUES(NULL,17.9,500.0,1255.0,345,NULL,NULL,NULL,'S',NULL,NULL,NULL,NULL,NULL,1,NULL,'72',NULL,NULL);
INSERT INTO "trackitems" VALUES(NULL,17.9,550.0,1155.0,346,NULL,NULL,NULL,'L',NULL,NULL,'',550.0,1195.0,NULL,70.0,'346',NULL,NULL);
INSERT INTO "trackitems" VALUES(NULL,17.9,475.0,1070.0,347,NULL,NULL,NULL,'L',NULL,NULL,'',475.0,1300.0,NULL,330.0,'347',NULL,NULL);
INSERT INTO "trackitems" VALUES(NULL,13.4,425.0,990.0,348,NULL,NULL,NULL,'L',NULL,NULL,'',425.0,1035.0,NULL,140.0,'348',NULL,NULL);
INSERT INTO "trackitems" VALUES(NULL,17.9,425.0,1095.0,349,NULL,NULL,NULL,'S',NULL,NULL,NULL,NULL,NULL,1,NULL,'64',NULL,NULL);
INSERT INTO "trackitems" VALUES(NULL,17.9,400.0,1135.0,350,NULL,NULL,NULL,'L',NULL,NULL,'',400.0,1185.0,NULL,240.0,'350',NULL,NULL);
INSERT INTO "trackitems" VALUES(NULL,17.9,425.0,1245.0,351,NULL,NULL,NULL,'S',NULL,NULL,NULL,NULL,NULL,1,NULL,'351',NULL,NULL);
INSERT INTO "trackitems" VALUES(NULL,17.9,425.0,1095.0,352,NULL,NULL,NULL,'L',NULL,NULL,'',425.0,1185.0,NULL,350.0,'352',NULL,NULL);
INSERT INTO "trackitems" VALUES(NULL,0.0,375.0,1255.0,353,NULL,NULL,NULL,'L',NULL,NULL,'',450.0,1255.0,NULL,1.0,'353',NULL,NULL);
INSERT INTO "trackitems" VALUES(NULL,17.9,400.0,1245.0,354,NULL,NULL,NULL,'LI',NULL,NULL,'',400.0,1265.0,NULL,1.0,'354',NULL,NULL);
INSERT INTO "trackitems" VALUES(NULL,17.9,425.0,1245.0,355,NULL,NULL,NULL,'LI',NULL,NULL,'',425.0,1265.0,NULL,1.0,'355',NULL,NULL);
INSERT INTO "trackitems" VALUES(NULL,0.0,375.0,1255.0,356,NULL,NULL,NULL,'L',NULL,NULL,'',370.0,1265.0,NULL,1.0,'356',NULL,NULL);
INSERT INTO "trackitems" VALUES(NULL,0.0,450.0,1255.0,357,NULL,NULL,NULL,'L',NULL,NULL,'',455.0,1265.0,NULL,1.0,'357',NULL,NULL);
INSERT INTO "trackitems" VALUES(NULL,0.0,370.0,1265.0,358,NULL,NULL,NULL,'E',NULL,NULL,NULL,NULL,NULL,NULL,NULL,'358',NULL,NULL);
INSERT INTO "trackitems" VALUES(NULL,0.0,455.0,1265.0,359,NULL,NULL,NULL,'E',NULL,NULL,NULL,NULL,NULL,NULL,NULL,'359',NULL,NULL);
INSERT INTO "trackitems" VALUES(NULL,0.0,375.0,1205.0,360,NULL,NULL,NULL,'L',NULL,NULL,'',375.0,1230.0,NULL,1.0,'360',NULL,NULL);
INSERT INTO "trackitems" VALUES(NULL,0.0,375.0,1005.0,361,NULL,NULL,NULL,'L',NULL,NULL,'',375.0,1030.0,NULL,1.0,'361',NULL,NULL);
INSERT INTO "trackitems" VALUES(NULL,0.0,375.0,1055.0,362,NULL,NULL,NULL,'L',NULL,NULL,'',375.0,1080.0,NULL,1.0,'362',NULL,NULL);
INSERT INTO "trackitems" VALUES(NULL,0.0,375.0,1105.0,363,NULL,NULL,NULL,'L',NULL,NULL,'',375.0,1130.0,NULL,1.0,'363',NULL,NULL);
INSERT INTO "trackitems" VALUES(NULL,0.0,375.0,1155.0,364,NULL,NULL,NULL,'L',NULL,NULL,'',375.0,1180.0,NULL,1.0,'364',NULL,NULL);
INSERT INTO "trackitems" VALUES(NULL,0.0,375.0,1230.0,365,NULL,NULL,NULL,'E',NULL,NULL,NULL,NULL,NULL,NULL,NULL,'365',NULL,NULL);
INSERT INTO "trackitems" VALUES(NULL,0.0,375.0,1205.0,366,NULL,NULL,NULL,'E',NULL,NULL,NULL,NULL,NULL,NULL,NULL,'366',NULL,NULL);
INSERT INTO "trackitems" VALUES(NULL,0.0,375.0,1180.0,367,NULL,NULL,NULL,'E',NULL,NULL,NULL,NULL,NULL,NULL,NULL,'367',NULL,NULL);
INSERT INTO "trackitems" VALUES(NULL,0.0,375.0,1155.0,368,NULL,NULL,NULL,'E',NULL,NULL,NULL,NULL,NULL,NULL,NULL,'368',NULL,NULL);
INSERT INTO "trackitems" VALUES(NULL,0.0,375.0,1130.0,369,NULL,NULL,NULL,'E',NULL,NULL,NULL,NULL,NULL,NULL,NULL,'369',NULL,NULL);
INSERT INTO "trackitems" VALUES(NULL,0.0,375.0,1105.0,370,NULL,NULL,NULL,'E',NULL,NULL,NULL,NULL,NULL,NULL,NULL,'370',NULL,NULL);
INSERT INTO "trackitems" VALUES(NULL,0.0,375.0,1080.0,371,NULL,NULL,NULL,'E',NULL,NULL,NULL,NULL,NULL,NULL,NULL,'371',NULL,NULL);
INSERT INTO "trackitems" VALUES(NULL,0.0,375.0,1055.0,372,NULL,NULL,NULL,'E',NULL,NULL,NULL,NULL,NULL,NULL,NULL,'372',NULL,NULL);
INSERT INTO "trackitems" VALUES(NULL,0.0,375.0,1030.0,373,NULL,NULL,NULL,'E',NULL,NULL,NULL,NULL,NULL,NULL,NULL,'373',NULL,NULL);
INSERT INTO "trackitems" VALUES(NULL,0.0,375.0,1005.0,374,NULL,NULL,NULL,'E',NULL,NULL,NULL,NULL,NULL,NULL,NULL,'374',NULL,NULL);
INSERT INTO "trackitems" VALUES(NULL,0.0,450.0,1005.0,375,NULL,NULL,NULL,'L',NULL,NULL,'',450.0,1030.0,NULL,1.0,'375',NULL,NULL);
INSERT INTO "trackitems" VALUES(NULL,0.0,450.0,1055.0,376,NULL,NULL,NULL,'L',NULL,NULL,'',450.0,1080.0,NULL,1.0,'376',NULL,NULL);
INSERT INTO "trackitems" VALUES(NULL,0.0,450.0,1105.0,377,NULL,NULL,NULL,'L',NULL,NULL,'',450.0,1130.0,NULL,1.0,'377',NULL,NULL);
INSERT INTO "trackitems" VALUES(NULL,0.0,450.0,1155.0,378,NULL,NULL,NULL,'L',NULL,NULL,'',450.0,1180.0,NULL,1.0,'378',NULL,NULL);
INSERT INTO "trackitems" VALUES(NULL,0.0,450.0,1205.0,379,NULL,NULL,NULL,'L',NULL,NULL,'',450.0,1230.0,NULL,1.0,'379',NULL,NULL);
INSERT INTO "trackitems" VALUES(NULL,0.0,450.0,1230.0,380,NULL,NULL,NULL,'E',NULL,NULL,NULL,NULL,NULL,NULL,NULL,'380',NULL,NULL);
INSERT INTO "trackitems" VALUES(NULL,0.0,450.0,1205.0,381,NULL,NULL,NULL,'E',NULL,NULL,NULL,NULL,NULL,NULL,NULL,'381',NULL,NULL);
INSERT INTO "trackitems" VALUES(NULL,0.0,450.0,1180.0,382,NULL,NULL,NULL,'E',NULL,NULL,NULL,NULL,NULL,NULL,NULL,'382',NULL,NULL);
INSERT INTO "trackitems" VALUES(NULL,0.0,450.0,1155.0,383,NULL,NULL,NULL,'E',NULL,NULL,NULL,NULL,NULL,NULL,NULL,'383',NULL,NULL);
INSERT INTO "trackitems" VALUES(NULL,0.0,450.0,1130.0,384,NULL,NULL,NULL,'E',NULL,NULL,NULL,NULL,NULL,NULL,NULL,'384',NULL,NULL);
INSERT INTO "trackitems" VALUES(NULL,0.0,450.0,1105.0,385,NULL,NULL,NULL,'E',NULL,NULL,NULL,NULL,NULL,NULL,NULL,'385',NULL,NULL);
INSERT INTO "trackitems" VALUES(NULL,0.0,450.0,1080.0,386,NULL,NULL,NULL,'E',NULL,NULL,NULL,NULL,NULL,NULL,NULL,'386',NULL,NULL);
INSERT INTO "trackitems" VALUES(NULL,0.0,450.0,1055.0,387,NULL,NULL,NULL,'E',NULL,NULL,NULL,NULL,NULL,NULL,NULL,'387',NULL,NULL);
INSERT INTO "trackitems" VALUES(NULL,0.0,450.0,1030.0,388,NULL,NULL,NULL,'E',NULL,NULL,NULL,NULL,NULL,NULL,NULL,'388',NULL,NULL);
INSERT INTO "trackitems" VALUES(NULL,0.0,450.0,1005.0,389,NULL,NULL,NULL,'E',NULL,NULL,NULL,NULL,NULL,NULL,NULL,'389',NULL,NULL);
INSERT INTO "trackitems" VALUES(NULL,17.9,500.0,1255.0,390,NULL,NULL,NULL,'L',NULL,NULL,'',500.0,1495.0,NULL,445.0,'75',NULL,NULL);
INSERT INTO "trackitems" VALUES(NULL,17.9,575.0,1255.0,391,NULL,NULL,NULL,'L',NULL,NULL,'',575.0,1300.0,NULL,175.0,'391',NULL,NULL);
INSERT INTO "trackitems" VALUES(NULL,17.9,400.0,1265.0,392,NULL,NULL,NULL,'L',NULL,NULL,'',400.0,1300.0,NULL,110.0,'392',NULL,NULL);
INSERT INTO "trackitems" VALUES(NULL,17.9,425.0,1265.0,393,NULL,NULL,NULL,'L',NULL,NULL,'',425.0,1420.0,NULL,295.0,'393',NULL,NULL);
INSERT INTO "trackitems" VALUES(NULL,17.9,400.0,1300.0,394,NULL,NULL,NULL,'S',NULL,NULL,NULL,NULL,NULL,0,NULL,'71',NULL,NULL);
INSERT INTO "trackitems" VALUES(NULL,17.9,475.0,1300.0,395,NULL,NULL,NULL,'S',NULL,NULL,NULL,NULL,NULL,0,NULL,'73',NULL,NULL);
INSERT INTO "trackitems" VALUES(NULL,17.9,550.0,1300.0,396,NULL,NULL,NULL,'S',NULL,NULL,NULL,NULL,NULL,0,NULL,'75',NULL,NULL);
INSERT INTO "trackitems" VALUES(NULL,17.9,400.0,1360.0,397,NULL,NULL,NULL,'L',NULL,NULL,'',400.0,1395.0,NULL,125.0,'397',NULL,NULL);
INSERT INTO "trackitems" VALUES(5.0,17.9,400.0,1400.0,398,5.0,NULL,NULL,'P',NULL,NULL,NULL,0.0,-5.0,NULL,NULL,'398',0.0,5.0);
INSERT INTO "trackitems" VALUES(NULL,11.2,405.0,1405.0,399,NULL,NULL,NULL,'L',NULL,NULL,'',420.0,1420.0,NULL,60.0,'399',NULL,NULL);
INSERT INTO "trackitems" VALUES(-5.0,17.9,425.0,1425.0,400,-5.0,NULL,NULL,'P',NULL,NULL,NULL,0.0,5.0,NULL,NULL,'400',0.0,-5.0);
INSERT INTO "trackitems" VALUES(NULL,17.9,425.0,1430.0,401,NULL,NULL,NULL,'L',NULL,NULL,'',425.0,1445.0,NULL,25.0,'401',NULL,NULL);
INSERT INTO "trackitems" VALUES(5.0,17.9,425.0,1450.0,402,5.0,NULL,NULL,'P',NULL,NULL,NULL,0.0,-5.0,NULL,NULL,'402',0.0,5.0);
INSERT INTO "trackitems" VALUES(NULL,11.2,430.0,1455.0,403,NULL,NULL,NULL,'L',NULL,NULL,'',470.0,1495.0,NULL,60.0,'403',NULL,NULL);
INSERT INTO "trackitems" VALUES(NULL,17.9,475.0,1360.0,404,NULL,NULL,NULL,'L',NULL,NULL,'',475.0,1435.0,NULL,270.0,'404',NULL,NULL);
INSERT INTO "trackitems" VALUES(-5.0,17.9,475.0,1500.0,405,-5.0,NULL,NULL,'P',NULL,NULL,NULL,0.0,5.0,NULL,NULL,'405',0.0,-5.0);
INSERT INTO "trackitems" VALUES(NULL,17.9,475.0,1495.0,406,NULL,NULL,NULL,'SN',NULL,NULL,NULL,NULL,NULL,1,NULL,'406',NULL,NULL);
INSERT INTO "trackitems" VALUES(5.0,17.9,575.0,1400.0,407,-5.0,NULL,NULL,'P',NULL,NULL,NULL,0.0,-5.0,NULL,NULL,'407',0.0,5.0);
INSERT INTO "trackitems" VALUES(NULL,11.2,570.0,1405.0,408,NULL,NULL,NULL,'L',NULL,NULL,'',555.0,1420.0,NULL,60.0,'408',NULL,NULL);
INSERT INTO "trackitems" VALUES(-5.0,17.9,550.0,1425.0,409,5.0,NULL,NULL,'P',NULL,NULL,NULL,0.0,5.0,NULL,NULL,'409',0.0,-5.0);
INSERT INTO "trackitems" VALUES(NULL,17.9,550.0,1430.0,410,NULL,NULL,NULL,'L',NULL,NULL,'',550.0,1445.0,NULL,25.0,'410',NULL,NULL);
INSERT INTO "trackitems" VALUES(NULL,17.9,550.0,1255.0,411,NULL,NULL,NULL,'SN',NULL,NULL,NULL,NULL,NULL,1,NULL,'411',NULL,NULL);
INSERT INTO "trackitems" VALUES(5.0,17.9,550.0,1450.0,412,-5.0,NULL,NULL,'P',NULL,NULL,NULL,0.0,-5.0,NULL,NULL,'412',0.0,5.0);
INSERT INTO "trackitems" VALUES(NULL,11.2,545.0,1455.0,413,NULL,NULL,NULL,'L',NULL,NULL,'',505.0,1495.0,NULL,60.0,'413',NULL,NULL);
INSERT INTO "trackitems" VALUES(-5.0,17.9,500.0,1500.0,414,5.0,NULL,NULL,'P',NULL,NULL,NULL,0.0,5.0,NULL,NULL,'414',0.0,-5.0);
INSERT INTO "trackitems" VALUES(NULL,17.9,500.0,1565.0,415,NULL,NULL,NULL,'S',NULL,NULL,NULL,NULL,NULL,1,NULL,'84',NULL,NULL);
INSERT INTO "trackitems" VALUES(NULL,17.9,425.0,1565.0,416,NULL,NULL,NULL,'S',NULL,NULL,NULL,NULL,NULL,1,NULL,'80',NULL,NULL);
INSERT INTO "trackitems" VALUES(NULL,17.9,575.0,1565.0,417,NULL,NULL,NULL,'S',NULL,NULL,NULL,NULL,NULL,1,NULL,'86',NULL,NULL);
INSERT INTO "trackitems" VALUES(NULL,17.9,575.0,1405.0,418,NULL,NULL,NULL,'L',NULL,NULL,'',575.0,1505.0,NULL,145.0,'418',NULL,NULL);
INSERT INTO "trackitems" VALUES(NULL,17.9,475.0,1565.0,419,NULL,NULL,NULL,'S',NULL,NULL,NULL,NULL,NULL,1,NULL,'82',NULL,NULL);
INSERT INTO "trackitems" VALUES(NULL,17.9,425.0,1455.0,420,NULL,NULL,NULL,'L',NULL,NULL,'',425.0,1505.0,NULL,60.0,'420',NULL,NULL);
INSERT INTO "trackitems" VALUES(NULL,17.9,550.0,1455.0,421,NULL,NULL,NULL,'L',NULL,NULL,'',550.0,1630.0,NULL,135.0,'421',NULL,NULL);
INSERT INTO "trackitems" VALUES(NULL,17.9,400.0,1405.0,422,NULL,NULL,NULL,'L',NULL,NULL,'',400.0,1675.0,NULL,305.0,'422',NULL,NULL);
INSERT INTO "trackitems" VALUES(NULL,17.9,475.0,1565.0,423,NULL,NULL,NULL,'L',NULL,NULL,'',475.0,1605.0,NULL,65.0,'423',NULL,NULL);
INSERT INTO "trackitems" VALUES(NULL,17.9,500.0,1565.0,424,NULL,NULL,NULL,'L',NULL,NULL,'',500.0,1580.0,NULL,5.0,'424',NULL,NULL);
INSERT INTO "trackitems" VALUES(5.0,17.9,500.0,1585.0,425,-5.0,NULL,NULL,'P',NULL,NULL,NULL,0.0,-5.0,NULL,NULL,'425',0.0,5.0);
INSERT INTO "trackitems" VALUES(NULL,11.2,495.0,1590.0,426,NULL,NULL,NULL,'L',NULL,NULL,'',480.0,1605.0,NULL,60.0,'426',NULL,NULL);
INSERT INTO "trackitems" VALUES(-5.0,17.9,475.0,1610.0,427,5.0,NULL,NULL,'P',NULL,NULL,NULL,0.0,5.0,NULL,NULL,'427',0.0,-5.0);
INSERT INTO "trackitems" VALUES(NULL,17.9,475.0,1615.0,428,NULL,NULL,NULL,'L',NULL,NULL,'',475.0,1630.0,NULL,10.0,'428',NULL,NULL);
INSERT INTO "trackitems" VALUES(NULL,17.9,475.0,1630.0,429,NULL,NULL,NULL,'S',NULL,NULL,NULL,NULL,NULL,0,NULL,'83',NULL,NULL);
INSERT INTO "trackitems" VALUES(NULL,17.9,550.0,1630.0,430,NULL,NULL,NULL,'S',NULL,NULL,NULL,NULL,NULL,0,NULL,'85',NULL,NULL);
INSERT INTO "trackitems" VALUES(NULL,17.9,500.0,1590.0,431,NULL,NULL,NULL,'L',NULL,NULL,'',500.0,1630.0,NULL,70.0,'431',NULL,NULL);
INSERT INTO "trackitems" VALUES(NULL,17.9,575.0,1565.0,432,NULL,NULL,NULL,'L',NULL,NULL,'',575.0,1890.0,NULL,375.0,'432',NULL,NULL);
INSERT INTO "trackitems" VALUES(NULL,17.9,475.0,1690.0,433,NULL,NULL,NULL,'L',NULL,NULL,'',475.0,1705.0,NULL,15.0,'433',NULL,NULL);
INSERT INTO "trackitems" VALUES(5.0,17.9,475.0,1710.0,434,5.0,NULL,NULL,'P',NULL,NULL,NULL,0.0,-5.0,NULL,NULL,'434',0.0,5.0);
INSERT INTO "trackitems" VALUES(NULL,11.2,480.0,1715.0,435,NULL,NULL,NULL,'L',NULL,NULL,'',495.0,1730.0,NULL,60.0,'435',NULL,NULL);
INSERT INTO "trackitems" VALUES(-5.0,17.9,500.0,1735.0,436,-5.0,NULL,NULL,'P',NULL,NULL,NULL,0.0,5.0,NULL,NULL,'436',0.0,-5.0);
INSERT INTO "trackitems" VALUES(NULL,17.9,400.0,1675.0,437,NULL,NULL,NULL,'S',NULL,NULL,NULL,NULL,NULL,0,NULL,'81',NULL,NULL);
INSERT INTO "trackitems" VALUES(NULL,17.9,425.0,1565.0,438,NULL,NULL,NULL,'L',NULL,NULL,'',425.0,1810.0,NULL,230.0,'438',NULL,NULL);
INSERT INTO "trackitems" VALUES(NULL,17.9,575.0,1300.0,439,NULL,NULL,NULL,'SN',NULL,NULL,NULL,NULL,NULL,0,NULL,'439',NULL,NULL);
INSERT INTO "trackitems" VALUES(NULL,17.9,575.0,1360.0,440,NULL,NULL,NULL,'L',NULL,NULL,'',575.0,1395.0,NULL,125.0,'440',NULL,NULL);
INSERT INTO "trackitems" VALUES(NULL,17.9,500.0,1690.0,441,NULL,NULL,NULL,'L',NULL,NULL,'',500.0,1730.0,NULL,75.0,'441',NULL,NULL);
INSERT INTO "trackitems" VALUES(NULL,17.9,500.0,1630.0,442,NULL,NULL,NULL,'SN',NULL,NULL,NULL,NULL,NULL,0,NULL,'442',NULL,NULL);
INSERT INTO "trackitems" VALUES(NULL,17.9,400.0,1245.0,443,NULL,NULL,NULL,'SN',NULL,NULL,NULL,NULL,NULL,1,NULL,'443',NULL,NULL);
INSERT INTO "trackitems" VALUES(NULL,17.9,475.0,1715.0,444,NULL,NULL,NULL,'L',NULL,NULL,'',475.0,1760.0,NULL,85.0,'444',NULL,NULL);
INSERT INTO "trackitems" VALUES(NULL,17.9,400.0,1735.0,445,NULL,NULL,NULL,'L',NULL,NULL,'',400.0,1860.0,NULL,125.0,'445',NULL,NULL);
INSERT INTO "trackitems" VALUES(NULL,17.9,500.0,1740.0,446,NULL,NULL,NULL,'L',NULL,NULL,'',500.0,1760.0,NULL,25.0,'446',NULL,NULL);
INSERT INTO "trackitems" VALUES(NULL,17.9,550.0,1690.0,447,NULL,NULL,NULL,'L',NULL,NULL,'',550.0,1810.0,NULL,150.0,'447',NULL,NULL);
INSERT INTO "trackitems" VALUES(5.0,17.9,475.0,1765.0,448,-5.0,NULL,NULL,'P',NULL,NULL,NULL,0.0,-5.0,NULL,NULL,'448',0.0,5.0);
INSERT INTO "trackitems" VALUES(5.0,17.9,500.0,1765.0,449,5.0,NULL,NULL,'P',NULL,NULL,NULL,0.0,-5.0,NULL,NULL,'449',0.0,5.0);
INSERT INTO "trackitems" VALUES(NULL,11.2,470.0,1770.0,450,NULL,NULL,NULL,'L',NULL,NULL,'',430.0,1810.0,NULL,55.0,'450',NULL,NULL);
INSERT INTO "trackitems" VALUES(-5.0,13.4,425.0,1815.0,451,5.0,NULL,NULL,'P',NULL,NULL,NULL,0.0,5.0,NULL,NULL,'451',0.0,-5.0);
INSERT INTO "trackitems" VALUES(NULL,13.4,425.0,1820.0,452,NULL,NULL,NULL,'L',NULL,NULL,'',425.0,1835.0,NULL,5.0,'452',NULL,NULL);
INSERT INTO "trackitems" VALUES(5.0,13.4,425.0,1840.0,453,-5.0,NULL,NULL,'P',NULL,NULL,NULL,0.0,-5.0,NULL,NULL,'453',0.0,5.0);
INSERT INTO "trackitems" VALUES(NULL,11.2,420.0,1845.0,454,NULL,NULL,NULL,'L',NULL,NULL,'',405.0,1860.0,NULL,50.0,'454',NULL,NULL);
INSERT INTO "trackitems" VALUES(-5.0,13.4,400.0,1865.0,455,5.0,NULL,NULL,'P',NULL,NULL,NULL,0.0,5.0,NULL,NULL,'455',0.0,-5.0);
INSERT INTO "trackitems" VALUES(NULL,17.9,475.0,1770.0,456,NULL,NULL,NULL,'L',NULL,NULL,'',475.0,1885.0,NULL,200.0,'456',NULL,NULL);
INSERT INTO "trackitems" VALUES(NULL,13.4,425.0,1845.0,457,NULL,NULL,NULL,'L',NULL,NULL,'',425.0,1860.0,NULL,55.0,'457',NULL,NULL);
INSERT INTO "trackitems" VALUES(NULL,13.4,400.0,1870.0,458,NULL,NULL,NULL,'L',NULL,NULL,'',400.0,1885.0,NULL,5.0,'458',NULL,NULL);
INSERT INTO "trackitems" VALUES(NULL,26.8,500.0,1990.0,459,NULL,NULL,NULL,'L',NULL,NULL,'',500.0,2035.0,NULL,45.0,'459',NULL,NULL);
INSERT INTO "trackitems" VALUES(NULL,11.2,505.0,1770.0,460,NULL,NULL,NULL,'L',NULL,NULL,'',545.0,1810.0,NULL,60.0,'460',NULL,NULL);
INSERT INTO "trackitems" VALUES(-5.0,17.9,550.0,1815.0,461,-5.0,NULL,NULL,'P',NULL,NULL,NULL,0.0,5.0,NULL,NULL,'461',0.0,-5.0);
INSERT INTO "trackitems" VALUES(NULL,17.9,550.0,1820.0,462,NULL,NULL,NULL,'L',NULL,NULL,'',550.0,1865.0,NULL,90.0,'462',NULL,NULL);
INSERT INTO "trackitems" VALUES(5.0,17.9,550.0,1870.0,463,5.0,NULL,NULL,'P',NULL,NULL,NULL,0.0,-5.0,NULL,NULL,'463',0.0,5.0);
INSERT INTO "trackitems" VALUES(NULL,11.2,570.0,1890.0,464,NULL,NULL,NULL,'L',NULL,NULL,'',555.0,1875.0,NULL,60.0,'464',NULL,NULL);
INSERT INTO "trackitems" VALUES(-5.0,17.9,575.0,1895.0,465,-5.0,NULL,NULL,'P',NULL,NULL,NULL,0.0,5.0,NULL,NULL,'465',0.0,-5.0);
INSERT INTO "trackitems" VALUES(NULL,22.3,575.0,1990.0,466,NULL,NULL,NULL,'L',NULL,NULL,'',575.0,2010.0,NULL,45.0,'466',NULL,NULL);
INSERT INTO "trackitems" VALUES(NULL,22.3,575.0,1990.0,467,NULL,NULL,NULL,'S',NULL,NULL,NULL,NULL,NULL,1,NULL,'94',NULL,NULL);
INSERT INTO "trackitems" VALUES(NULL,17.9,575.0,1930.0,469,NULL,NULL,NULL,'L',NULL,'BTHNLGR','EL_UP',575.0,1900.0,NULL,50.0,'469',NULL,NULL);
INSERT INTO "trackitems" VALUES(NULL,26.8,500.0,1990.0,470,NULL,NULL,NULL,'S',NULL,NULL,NULL,NULL,NULL,1,NULL,'92',NULL,NULL);
INSERT INTO "trackitems" VALUES(1980.0,13.4,400.0,1885.0,471,390.0,NULL,NULL,'LP',NULL,'BTHNLGR','DOWN',400.0,1945.0,NULL,200.0,'471',375.0,1885.0);
INSERT INTO "trackitems" VALUES(1980.0,13.4,425.0,1920.0,472,450.0,NULL,NULL,'LP',NULL,'BTHNLGR','UP',425.0,1980.0,NULL,200.0,'472',435.0,1885.0);
INSERT INTO "trackitems" VALUES(NULL,0.0,360.0,1885.0,473,NULL,NULL,NULL,'A',NULL,'BTHNLGR',NULL,NULL,NULL,NULL,NULL,'BETHNAL GREEN',NULL,NULL);
INSERT INTO "trackitems" VALUES(NULL,26.8,475.0,1885.0,474,NULL,NULL,NULL,'L',NULL,'BTHNLGR','ML_DN',475.0,1910.0,NULL,20.0,'474',NULL,NULL);
INSERT INTO "trackitems" VALUES(NULL,26.8,550.0,1875.0,475,NULL,NULL,NULL,'L',NULL,'BTHNLGR','EL_DN',550.0,1910.0,NULL,70.0,'475',NULL,NULL);
INSERT INTO "trackitems" VALUES(NULL,13.4,425.0,1920.0,476,NULL,NULL,NULL,'S',NULL,NULL,NULL,NULL,NULL,1,NULL,'90',NULL,NULL);
INSERT INTO "trackitems" VALUES(NULL,13.4,400.0,1945.0,477,NULL,NULL,NULL,'S',NULL,NULL,NULL,NULL,NULL,0,NULL,'91',NULL,NULL);
INSERT INTO "trackitems" VALUES(NULL,13.4,425.0,1980.0,478,NULL,NULL,NULL,'L',NULL,NULL,'',425.0,2020.0,NULL,50.0,'478',NULL,NULL);
INSERT INTO "trackitems" VALUES(NULL,17.9,500.0,1770.0,479,NULL,NULL,NULL,'L',NULL,'BTHNLGR','ML_UP',500.0,1930.0,NULL,260.0,'479',NULL,NULL);
INSERT INTO "trackitems" VALUES(NULL,26.8,550.0,1910.0,480,NULL,NULL,NULL,'S',NULL,NULL,NULL,NULL,NULL,0,NULL,'95',NULL,NULL);
INSERT INTO "trackitems" VALUES(NULL,26.8,475.0,1910.0,481,NULL,NULL,NULL,'S',NULL,NULL,NULL,NULL,NULL,0,NULL,'93',NULL,NULL);
INSERT INTO "trackitems" VALUES(NULL,26.8,475.0,1970.0,482,NULL,NULL,NULL,'L',NULL,NULL,'',475.0,2020.0,NULL,85.0,'482',NULL,NULL);
INSERT INTO "trackitems" VALUES(5.0,26.8,475.0,2025.0,483,-5.0,NULL,NULL,'P',NULL,NULL,NULL,0.0,-5.0,NULL,NULL,'483',0.0,5.0);
INSERT INTO "trackitems" VALUES(NULL,13.4,470.0,2030.0,484,NULL,NULL,NULL,'L',NULL,NULL,'',400.0,2100.0,NULL,200.0,'484',NULL,NULL);
INSERT INTO "trackitems" VALUES(NULL,13.4,400.0,2005.0,485,NULL,NULL,NULL,'L',NULL,NULL,'',325.0,2080.0,NULL,200.0,'485',NULL,NULL);
INSERT INTO "trackitems" VALUES(NULL,13.4,425.0,2020.0,486,NULL,NULL,NULL,'L',NULL,NULL,'',350.0,2095.0,NULL,200.0,'486',NULL,NULL);
INSERT INTO "trackitems" VALUES(NULL,17.9,350.0,2155.0,487,NULL,NULL,NULL,'S',NULL,NULL,NULL,NULL,NULL,1,NULL,'487',NULL,NULL);
INSERT INTO "trackitems" VALUES(NULL,17.9,325.0,2080.0,488,NULL,NULL,NULL,'L',NULL,NULL,'',325.0,2185.0,NULL,160.0,'488',NULL,NULL);
INSERT INTO "trackitems" VALUES(NULL,13.4,400.0,2100.0,489,NULL,NULL,NULL,'L',492,NULL,'',400.0,2260.0,NULL,265.0,'489',NULL,NULL);
INSERT INTO "trackitems" VALUES(NULL,17.9,350.0,2155.0,490,NULL,NULL,NULL,'L',NULL,NULL,'',350.0,2170.0,NULL,110.0,'490',NULL,NULL);
INSERT INTO "trackitems" VALUES(5.0,17.9,350.0,2175.0,491,5.0,NULL,NULL,'P',NULL,NULL,NULL,0.0,-5.0,NULL,NULL,'491',0.0,5.0);
INSERT INTO "trackitems" VALUES(NULL,13.4,355.0,2180.0,492,NULL,NULL,NULL,'L',489,NULL,'',420.0,2245.0,NULL,100.0,'492',NULL,NULL);
INSERT INTO "trackitems" VALUES(NULL,13.4,425.0,2135.0,493,NULL,NULL,NULL,'L',NULL,NULL,'',425.0,2115.0,NULL,65.0,'493',NULL,NULL);
INSERT INTO "trackitems" VALUES(NULL,13.4,330.0,2195.0,494,NULL,NULL,NULL,'L',504,NULL,'',395.0,2260.0,NULL,105.0,'494',NULL,NULL);
INSERT INTO "trackitems" VALUES(-5.0,13.4,400.0,2265.0,495,-5.0,NULL,NULL,'P',NULL,NULL,NULL,0.0,5.0,NULL,NULL,'495',0.0,-5.0);
INSERT INTO "trackitems" VALUES(NULL,13.4,495.0,2045.0,496,NULL,NULL,NULL,'L',498,NULL,'',425.0,2115.0,NULL,200.0,'496',NULL,NULL);
INSERT INTO "trackitems" VALUES(NULL,13.4,425.0,2195.0,497,NULL,NULL,NULL,'S',NULL,NULL,NULL,NULL,NULL,1,NULL,'102',NULL,NULL);
INSERT INTO "trackitems" VALUES(NULL,26.8,475.0,2030.0,498,NULL,NULL,NULL,'L',496,NULL,'',475.0,2235.0,NULL,315.0,'498',NULL,NULL);
INSERT INTO "trackitems" VALUES(5.0,17.9,325.0,2190.0,499,5.0,NULL,NULL,'P',NULL,NULL,NULL,0.0,-5.0,NULL,NULL,'499',0.0,5.0);
INSERT INTO "trackitems" VALUES(NULL,13.4,425.0,2195.0,500,NULL,NULL,NULL,'L',NULL,NULL,'',425.0,2245.0,NULL,200.0,'500',NULL,NULL);
INSERT INTO "trackitems" VALUES(-5.0,13.4,425.0,2250.0,501,-5.0,NULL,NULL,'P',NULL,NULL,NULL,0.0,5.0,NULL,NULL,'501',0.0,-5.0);
INSERT INTO "trackitems" VALUES(5.0,26.8,500.0,2040.0,502,-5.0,NULL,NULL,'P',NULL,NULL,NULL,0.0,-5.0,NULL,NULL,'502',0.0,5.0);
INSERT INTO "trackitems" VALUES(NULL,17.9,325.0,2195.0,503,NULL,NULL,NULL,'L',NULL,NULL,'',325.0,2270.0,NULL,255.0,'503',NULL,NULL);
INSERT INTO "trackitems" VALUES(NULL,17.9,350.0,2180.0,504,NULL,NULL,NULL,'L',494,NULL,'',350.0,2270.0,NULL,105.0,'504',NULL,NULL);
INSERT INTO "trackitems" VALUES(NULL,17.9,350.0,2330.0,505,NULL,NULL,NULL,'S',NULL,NULL,NULL,NULL,NULL,1,NULL,'110',NULL,NULL);
INSERT INTO "trackitems" VALUES(NULL,17.9,325.0,2270.0,506,NULL,NULL,NULL,'S',NULL,NULL,NULL,NULL,NULL,0,NULL,'101',NULL,NULL);
INSERT INTO "trackitems" VALUES(NULL,17.9,325.0,2330.0,507,NULL,NULL,NULL,'L',NULL,NULL,'',325.0,2390.0,NULL,250.0,'507',NULL,NULL);
INSERT INTO "trackitems" VALUES(NULL,17.9,350.0,2420.0,509,NULL,NULL,NULL,'L',NULL,NULL,'',350.0,2450.0,NULL,200.0,'509',NULL,NULL);
INSERT INTO "trackitems" VALUES(NULL,17.9,350.0,2510.0,510,NULL,NULL,NULL,'S',NULL,NULL,NULL,NULL,NULL,1,NULL,'120',NULL,NULL);
INSERT INTO "trackitems" VALUES(NULL,17.9,325.0,2450.0,511,NULL,NULL,NULL,'L',NULL,NULL,'',325.0,2640.0,NULL,2060.0,'511',NULL,NULL);
INSERT INTO "trackitems" VALUES(NULL,179.0,325.0,2655.0,512,NULL,NULL,NULL,'E',NULL,NULL,NULL,NULL,NULL,NULL,NULL,'512',NULL,NULL);
INSERT INTO "trackitems" VALUES(NULL,17.9,350.0,2360.0,513,NULL,NULL,NULL,'SN',NULL,NULL,NULL,NULL,NULL,0,NULL,'513',NULL,NULL);
INSERT INTO "trackitems" VALUES(NULL,17.9,350.0,2510.0,514,NULL,NULL,NULL,'L',NULL,NULL,'',350.0,2640.0,NULL,2060.0,'514',NULL,NULL);
INSERT INTO "trackitems" VALUES(NULL,17.9,350.0,2655.0,515,NULL,NULL,NULL,'E',NULL,NULL,NULL,NULL,NULL,NULL,NULL,'515',NULL,NULL);
INSERT INTO "trackitems" VALUES(NULL,17.9,325.0,2640.0,516,NULL,NULL,NULL,'L',NULL,'HAKNYNM_SL','SL_DN',325.0,2655.0,NULL,1.0,'516',NULL,NULL);
INSERT INTO "trackitems" VALUES(NULL,17.9,350.0,2640.0,517,NULL,NULL,NULL,'L',NULL,'HAKNYNM_SL','SL_UP',350.0,2655.0,NULL,1.0,'517',NULL,NULL);
INSERT INTO "trackitems" VALUES(NULL,0.0,315.0,2495.0,518,NULL,NULL,NULL,'A',NULL,'HAKNYNM_SL',NULL,NULL,NULL,NULL,NULL,'HACKNEY DOWNS SUBURBAN',NULL,NULL);
INSERT INTO "trackitems" VALUES(NULL,13.4,425.0,2255.0,519,NULL,NULL,NULL,'L',NULL,NULL,'',425.0,2270.0,NULL,5.0,'519',NULL,NULL);
INSERT INTO "trackitems" VALUES(NULL,13.4,425.0,2330.0,520,NULL,NULL,NULL,'S',NULL,NULL,NULL,NULL,NULL,1,NULL,'112',NULL,NULL);
INSERT INTO "trackitems" VALUES(NULL,13.4,400.0,2270.0,521,NULL,NULL,NULL,'L',NULL,NULL,'',400.0,2305.0,NULL,150.0,'521',NULL,NULL);
INSERT INTO "trackitems" VALUES(NULL,13.4,400.0,2305.0,522,NULL,NULL,NULL,'S',NULL,NULL,NULL,NULL,NULL,0,NULL,'103',NULL,NULL);
INSERT INTO "trackitems" VALUES(NULL,13.4,425.0,2360.0,523,NULL,NULL,NULL,'SN',NULL,NULL,NULL,NULL,NULL,0,NULL,'523',NULL,NULL);
INSERT INTO "trackitems" VALUES(NULL,17.9,325.0,2390.0,524,NULL,30.0,30.0,'ST',NULL,NULL,NULL,NULL,NULL,0,NULL,'121',NULL,NULL);
INSERT INTO "trackitems" VALUES(NULL,17.9,400.0,2365.0,525,NULL,NULL,NULL,'L',NULL,NULL,'',400.0,2425.0,NULL,250.0,'525',NULL,NULL);
INSERT INTO "trackitems" VALUES(NULL,17.9,400.0,2425.0,526,NULL,30.0,30.0,'ST',NULL,NULL,NULL,NULL,NULL,0,NULL,'123',NULL,NULL);
INSERT INTO "trackitems" VALUES(NULL,13.4,425.0,2420.0,527,NULL,NULL,NULL,'L',NULL,NULL,'',425.0,2450.0,NULL,200.0,'527',NULL,NULL);
INSERT INTO "trackitems" VALUES(NULL,17.9,425.0,2510.0,528,NULL,NULL,NULL,'S',NULL,NULL,NULL,NULL,NULL,1,NULL,'122',NULL,NULL);
INSERT INTO "trackitems" VALUES(NULL,17.9,400.0,2485.0,529,NULL,NULL,NULL,'L',NULL,NULL,'',400.0,2640.0,NULL,2060.0,'529',NULL,NULL);
INSERT INTO "trackitems" VALUES(NULL,17.9,425.0,2510.0,530,NULL,NULL,NULL,'L',NULL,NULL,'',425.0,2640.0,NULL,2060.0,'530',NULL,NULL);
INSERT INTO "trackitems" VALUES(NULL,17.9,400.0,2655.0,531,NULL,NULL,NULL,'E',NULL,NULL,NULL,NULL,NULL,NULL,NULL,'531',NULL,NULL);
INSERT INTO "trackitems" VALUES(NULL,17.9,400.0,2640.0,532,NULL,NULL,NULL,'L',NULL,'HAKNYNM_FL','FL_DN',400.0,2655.0,NULL,1.0,'532',NULL,NULL);
INSERT INTO "trackitems" VALUES(NULL,17.9,425.0,2640.0,533,NULL,NULL,NULL,'L',NULL,'HAKNYNM_FL','FL_UP',425.0,2655.0,NULL,1.0,'533',NULL,NULL);
INSERT INTO "trackitems" VALUES(NULL,17.9,425.0,2655.0,534,NULL,NULL,NULL,'E',NULL,NULL,NULL,NULL,NULL,NULL,NULL,'534',NULL,NULL);
INSERT INTO "trackitems" VALUES(NULL,0.0,390.0,2535.0,535,NULL,NULL,NULL,'A',NULL,'HAKNYNM_FL',NULL,NULL,NULL,NULL,NULL,'HACKNEY DOWNS FAST',NULL,NULL);
INSERT INTO "trackitems" VALUES(NULL,17.9,550.0,1360.0,536,NULL,NULL,NULL,'L',NULL,NULL,'',550.0,1420.0,NULL,185.0,'536',NULL,NULL);
INSERT INTO "trackitems" VALUES(-5.0,26.8,550.0,2040.0,537,5.0,NULL,NULL,'P',NULL,NULL,NULL,0.0,5.0,NULL,NULL,'537',0.0,-5.0);
INSERT INTO "trackitems" VALUES(NULL,26.8,550.0,1970.0,538,NULL,NULL,NULL,'L',NULL,NULL,'',550.0,2035.0,NULL,135.0,'538',NULL,NULL);
INSERT INTO "trackitems" VALUES(5.0,22.3,575.0,2015.0,539,-5.0,NULL,NULL,'P',NULL,NULL,NULL,0.0,-5.0,NULL,NULL,'539',0.0,5.0);
INSERT INTO "trackitems" VALUES(NULL,11.2,555.0,2035.0,540,NULL,NULL,NULL,'L',NULL,NULL,'',570.0,2020.0,NULL,50.0,'540',NULL,NULL);
INSERT INTO "trackitems" VALUES(NULL,26.8,550.0,2045.0,541,NULL,NULL,NULL,'L',NULL,NULL,'',550.0,2060.0,NULL,60.0,'541',NULL,NULL);
INSERT INTO "trackitems" VALUES(5.0,26.8,550.0,2065.0,542,-5.0,NULL,NULL,'P',NULL,NULL,NULL,0.0,-5.0,NULL,NULL,'542',0.0,5.0);
INSERT INTO "trackitems" VALUES(NULL,26.8,500.0,2045.0,543,NULL,NULL,NULL,'L',NULL,NULL,'',500.0,2110.0,NULL,175.0,'543',NULL,NULL);
INSERT INTO "trackitems" VALUES(-5.0,26.8,500.0,2115.0,544,5.0,NULL,NULL,'P',NULL,NULL,NULL,0.0,5.0,NULL,NULL,'544',0.0,-5.0);
INSERT INTO "trackitems" VALUES(NULL,17.9,545.0,2070.0,545,NULL,NULL,NULL,'L',NULL,NULL,'',505.0,2110.0,NULL,85.0,'545',NULL,NULL);
INSERT INTO "trackitems" VALUES(NULL,26.8,500.0,2120.0,546,NULL,NULL,NULL,'L',NULL,NULL,'',500.0,2135.0,NULL,90.0,'546',NULL,NULL);
INSERT INTO "trackitems" VALUES(NULL,26.8,500.0,2195.0,547,NULL,NULL,NULL,'S',NULL,NULL,NULL,NULL,NULL,1,NULL,'200',NULL,NULL);
INSERT INTO "trackitems" VALUES(NULL,26.8,500.0,2195.0,548,NULL,NULL,NULL,'L',NULL,NULL,'',500.0,2210.0,NULL,50.0,'548',NULL,NULL);
INSERT INTO "trackitems" VALUES(5.0,26.8,500.0,2215.0,549,-5.0,NULL,NULL,'P',NULL,NULL,NULL,0.0,-5.0,NULL,NULL,'549',0.0,5.0);
INSERT INTO "trackitems" VALUES(NULL,17.9,495.0,2220.0,550,NULL,NULL,NULL,'L',NULL,NULL,'',480.0,2235.0,NULL,90.0,'550',NULL,NULL);
INSERT INTO "trackitems" VALUES(-5.0,26.8,475.0,2240.0,551,5.0,NULL,NULL,'P',NULL,NULL,NULL,0.0,5.0,NULL,NULL,'551',0.0,-5.0);
INSERT INTO "trackitems" VALUES(NULL,26.8,475.0,2245.0,552,NULL,NULL,NULL,'L',NULL,NULL,'',475.0,2305.0,NULL,35.0,'552',NULL,NULL);
INSERT INTO "trackitems" VALUES(NULL,26.8,475.0,2305.0,553,NULL,NULL,NULL,'S',NULL,NULL,NULL,NULL,NULL,0,NULL,'201',NULL,NULL);
INSERT INTO "trackitems" VALUES(NULL,31.3,475.0,2365.0,554,NULL,NULL,NULL,'L',NULL,NULL,'',475.0,2425.0,NULL,635.0,'554',NULL,NULL);
INSERT INTO "trackitems" VALUES(NULL,31.3,475.0,2425.0,555,NULL,0.2,0.2,'ST',NULL,NULL,NULL,NULL,NULL,0,NULL,'221',NULL,NULL);
INSERT INTO "trackitems" VALUES(NULL,31.3,475.0,2485.0,556,NULL,NULL,NULL,'L',NULL,NULL,'',475.0,2640.0,NULL,1725.0,'556',NULL,NULL);
INSERT INTO "trackitems" VALUES(NULL,31.3,475.0,2655.0,557,NULL,NULL,NULL,'E',NULL,NULL,NULL,NULL,NULL,NULL,NULL,'557',NULL,NULL);
INSERT INTO "trackitems" VALUES(NULL,31.3,475.0,2640.0,558,NULL,NULL,NULL,'L',NULL,'BOWJ_ML','ML_DN',475.0,2655.0,NULL,1.0,'558',NULL,NULL);
INSERT INTO "trackitems" VALUES(NULL,26.8,500.0,2280.0,559,NULL,NULL,NULL,'L',NULL,NULL,'',500.0,2355.0,NULL,345.0,'559',NULL,NULL);
INSERT INTO "trackitems" VALUES(NULL,26.8,500.0,2415.0,560,NULL,NULL,NULL,'S',NULL,NULL,NULL,NULL,NULL,1,NULL,'210',NULL,NULL);
INSERT INTO "trackitems" VALUES(NULL,26.8,500.0,2415.0,561,NULL,NULL,NULL,'L',NULL,NULL,'',500.0,2475.0,NULL,415.0,'561',NULL,NULL);
INSERT INTO "trackitems" VALUES(NULL,35.8,500.0,2535.0,562,NULL,NULL,NULL,'S',NULL,NULL,NULL,NULL,NULL,1,NULL,'220',NULL,NULL);
INSERT INTO "trackitems" VALUES(NULL,35.8,500.0,2535.0,563,NULL,NULL,NULL,'L',NULL,NULL,'',500.0,2640.0,NULL,1725.0,'563',NULL,NULL);
INSERT INTO "trackitems" VALUES(NULL,35.8,500.0,2640.0,564,NULL,NULL,NULL,'L',NULL,'BOWJ_ML','ML_UP',500.0,2655.0,NULL,1.0,'564',NULL,NULL);
INSERT INTO "trackitems" VALUES(NULL,35.8,500.0,2655.0,565,NULL,NULL,NULL,'E',NULL,NULL,NULL,NULL,NULL,NULL,NULL,'565',NULL,NULL);
INSERT INTO "trackitems" VALUES(NULL,0.0,465.0,2585.0,566,NULL,NULL,NULL,'A',NULL,'BOWJ_ML',NULL,NULL,NULL,NULL,NULL,'BOW JN MAIN',NULL,NULL);
INSERT INTO "trackitems" VALUES(NULL,22.3,575.0,2195.0,567,NULL,NULL,NULL,'S',NULL,NULL,NULL,NULL,NULL,1,NULL,'202',NULL,NULL);
INSERT INTO "trackitems" VALUES(NULL,22.3,575.0,2080.0,568,NULL,NULL,NULL,'L',NULL,NULL,'',575.0,2135.0,NULL,265.0,'568',NULL,NULL);
INSERT INTO "trackitems" VALUES(NULL,26.8,500.0,2220.0,569,NULL,NULL,NULL,'SN',NULL,NULL,NULL,NULL,NULL,0,NULL,'569',NULL,NULL);
INSERT INTO "trackitems" VALUES(NULL,22.3,575.0,2020.0,570,NULL,NULL,NULL,'SN',NULL,NULL,NULL,NULL,NULL,0,NULL,'570',NULL,NULL);
INSERT INTO "trackitems" VALUES(NULL,26.8,550.0,2070.0,571,NULL,NULL,NULL,'L',NULL,NULL,'',550.0,2305.0,NULL,350.0,'571',NULL,NULL);
INSERT INTO "trackitems" VALUES(NULL,26.8,550.0,2305.0,572,NULL,NULL,NULL,'S',NULL,NULL,NULL,NULL,NULL,0,NULL,'203',NULL,NULL);
INSERT INTO "trackitems" VALUES(NULL,22.3,575.0,2195.0,573,NULL,NULL,NULL,'L',NULL,NULL,'',575.0,2355.0,NULL,395.0,'573',NULL,NULL);
INSERT INTO "trackitems" VALUES(NULL,31.3,575.0,2415.0,574,NULL,NULL,NULL,'S',NULL,NULL,NULL,NULL,NULL,1,NULL,'212',NULL,NULL);
INSERT INTO "trackitems" VALUES(NULL,31.3,575.0,2415.0,575,NULL,NULL,NULL,'L',NULL,NULL,'',575.0,2475.0,NULL,415.0,'575',NULL,NULL);
INSERT INTO "trackitems" VALUES(NULL,31.3,575.0,2535.0,576,NULL,NULL,NULL,'S',NULL,NULL,NULL,NULL,NULL,1,NULL,'222',NULL,NULL);
INSERT INTO "trackitems" VALUES(NULL,31.3,550.0,2425.0,577,NULL,0.2,0.2,'ST',NULL,NULL,NULL,NULL,NULL,0,NULL,'223',NULL,NULL);
INSERT INTO "trackitems" VALUES(NULL,31.3,550.0,2365.0,578,NULL,NULL,NULL,'L',NULL,NULL,'',550.0,2425.0,NULL,635.0,'578',NULL,NULL);
INSERT INTO "trackitems" VALUES(NULL,31.3,550.0,2485.0,579,NULL,NULL,NULL,'L',NULL,NULL,'',550.0,2640.0,NULL,1725.0,'579',NULL,NULL);
INSERT INTO "trackitems" VALUES(NULL,31.3,575.0,2535.0,580,NULL,NULL,NULL,'L',NULL,NULL,'',575.0,2640.0,NULL,1725.0,'580',NULL,NULL);
INSERT INTO "trackitems" VALUES(NULL,31.3,550.0,2640.0,581,NULL,NULL,NULL,'L',NULL,'BOWJ_EL','EL_DN',550.0,2655.0,NULL,1.0,'581',NULL,NULL);
INSERT INTO "trackitems" VALUES(NULL,31.3,550.0,2655.0,582,NULL,NULL,NULL,'E',NULL,NULL,NULL,NULL,NULL,NULL,NULL,'582',NULL,NULL);
INSERT INTO "trackitems" VALUES(NULL,31.3,575.0,2640.0,583,NULL,NULL,NULL,'L',NULL,'BOWJ_EL','EL_UP',575.0,2655.0,NULL,1.0,'583',NULL,NULL);
INSERT INTO "trackitems" VALUES(NULL,31.3,575.0,2655.0,584,NULL,NULL,NULL,'E',NULL,NULL,NULL,NULL,NULL,NULL,NULL,'584',NULL,NULL);
INSERT INTO "trackitems" VALUES(NULL,0.0,540.0,2560.0,585,NULL,NULL,NULL,'A',NULL,'BOWJ_EL',NULL,NULL,NULL,NULL,NULL,'BOW JN ELECTRIC',NULL,NULL);
INSERT INTO "trackitems" VALUES(NULL,17.9,350.0,2330.0,586,NULL,NULL,NULL,'L',NULL,NULL,'',350.0,2360.0,NULL,200.0,'586',NULL,NULL);
INSERT INTO "trackitems" VALUES(NULL,17.9,550.0,1255.0,587,NULL,NULL,NULL,'L',NULL,NULL,'',550.0,1300.0,NULL,175.0,'587',NULL,NULL);
INSERT INTO "trackitems" VALUES(NULL,13.4,425.0,2330.0,588,NULL,NULL,NULL,'L',NULL,NULL,'',425.0,2360.0,NULL,200.0,'588',NULL,NULL);
CREATE TABLE routes (
routenum INTEGER PRIMARY KEY,
beginsignal INTEGER,
endsignal INTEGER,
initialstate INTEGER);
INSERT INTO "routes" VALUES(1,10,245,0);
INSERT INTO "routes" VALUES(2,11,245,0);
INSERT INTO "routes" VALUES(3,16,245,0);
INSERT INTO "routes" VALUES(4,21,245,0);
INSERT INTO "routes" VALUES(6,26,245,0);
INSERT INTO "routes" VALUES(7,31,245,0);
INSERT INTO "routes" VALUES(8,36,245,0);
INSERT INTO "routes" VALUES(9,41,245,0);
INSERT INTO "routes" VALUES(10,46,51,0);
INSERT INTO "routes" VALUES(11,51,245,0);
INSERT INTO "routes" VALUES(12,56,51,0);
INSERT INTO "routes" VALUES(17,26,300,0);
INSERT INTO "routes" VALUES(18,31,300,0);
INSERT INTO "routes" VALUES(19,36,300,0);
INSERT INTO "routes" VALUES(20,41,300,0);
INSERT INTO "routes" VALUES(21,51,300,0);
INSERT INTO "routes" VALUES(22,63,300,0);
INSERT INTO "routes" VALUES(24,56,63,0);
INSERT INTO "routes" VALUES(25,68,70,0);
INSERT INTO "routes" VALUES(26,70,300,0);
INSERT INTO "routes" VALUES(27,74,149,0);
INSERT INTO "routes" VALUES(28,149,300,0);
INSERT INTO "routes" VALUES(29,80,300,0);
INSERT INTO "routes" VALUES(30,85,300,0);
INSERT INTO "routes" VALUES(31,80,303,0);
INSERT INTO "routes" VALUES(32,85,303,0);
INSERT INTO "routes" VALUES(33,90,303,0);
INSERT INTO "routes" VALUES(34,91,90,0);
INSERT INTO "routes" VALUES(35,103,90,0);
INSERT INTO "routes" VALUES(36,104,90,0);
INSERT INTO "routes" VALUES(38,105,303,0);
INSERT INTO "routes" VALUES(39,258,1,0);
INSERT INTO "routes" VALUES(40,258,5,0);
INSERT INTO "routes" VALUES(42,258,12,0);
INSERT INTO "routes" VALUES(43,258,17,0);
INSERT INTO "routes" VALUES(44,258,22,0);
INSERT INTO "routes" VALUES(45,258,27,0);
INSERT INTO "routes" VALUES(46,258,32,0);
INSERT INTO "routes" VALUES(47,258,37,0);
INSERT INTO "routes" VALUES(48,258,42,0);
INSERT INTO "routes" VALUES(49,258,52,0);
INSERT INTO "routes" VALUES(51,270,22,0);
INSERT INTO "routes" VALUES(52,270,27,0);
INSERT INTO "routes" VALUES(53,270,32,0);
INSERT INTO "routes" VALUES(54,270,37,0);
INSERT INTO "routes" VALUES(55,270,42,0);
INSERT INTO "routes" VALUES(56,270,52,0);
INSERT INTO "routes" VALUES(57,296,64,0);
INSERT INTO "routes" VALUES(58,296,71,0);
INSERT INTO "routes" VALUES(59,296,76,0);
INSERT INTO "routes" VALUES(60,296,81,0);
INSERT INTO "routes" VALUES(61,282,76,0);
INSERT INTO "routes" VALUES(62,282,81,0);
INSERT INTO "routes" VALUES(63,282,86,0);
INSERT INTO "routes" VALUES(65,282,94,0);
INSERT INTO "routes" VALUES(66,282,98,0);
INSERT INTO "routes" VALUES(67,282,106,0);
INSERT INTO "routes" VALUES(68,245,323,2);
INSERT INTO "routes" VALUES(69,323,394,2);
INSERT INTO "routes" VALUES(71,351,349,2);
INSERT INTO "routes" VALUES(72,349,258,2);
INSERT INTO "routes" VALUES(73,300,331,2);
INSERT INTO "routes" VALUES(74,331,395,2);
INSERT INTO "routes" VALUES(78,303,332,2);
INSERT INTO "routes" VALUES(79,328,282,2);
INSERT INTO "routes" VALUES(80,487,476,2);
INSERT INTO "routes" VALUES(81,506,524,2);
INSERT INTO "routes" VALUES(82,510,505,2);
INSERT INTO "routes" VALUES(83,522,526,2);
INSERT INTO "routes" VALUES(84,528,520,2);
INSERT INTO "routes" VALUES(85,553,555,2);
INSERT INTO "routes" VALUES(86,562,560,2);
INSERT INTO "routes" VALUES(87,572,577,2);
INSERT INTO "routes" VALUES(88,576,574,2);
INSERT INTO "routes" VALUES(89,574,567,2);
INSERT INTO "routes" VALUES(90,327,296,0);
INSERT INTO "routes" VALUES(91,327,270,0);
INSERT INTO "routes" VALUES(92,344,328,0);
INSERT INTO "routes" VALUES(93,344,327,0);
INSERT INTO "routes" VALUES(95,332,396,0);
INSERT INTO "routes" VALUES(96,345,327,0);
INSERT INTO "routes" VALUES(97,417,344,2);
INSERT INTO "routes" VALUES(98,415,345,2);
INSERT INTO "routes" VALUES(99,396,430,2);
INSERT INTO "routes" VALUES(100,396,429,0);
INSERT INTO "routes" VALUES(101,415,344,0);
INSERT INTO "routes" VALUES(102,395,429,2);
INSERT INTO "routes" VALUES(103,419,351,0);
INSERT INTO "routes" VALUES(104,394,429,0);
INSERT INTO "routes" VALUES(105,394,437,2);
INSERT INTO "routes" VALUES(107,416,351,2);
INSERT INTO "routes" VALUES(108,437,477,2);
INSERT INTO "routes" VALUES(109,476,416,2);
INSERT INTO "routes" VALUES(110,476,419,0);
INSERT INTO "routes" VALUES(111,476,415,0);
INSERT INTO "routes" VALUES(112,429,477,0);
INSERT INTO "routes" VALUES(113,429,481,2);
INSERT INTO "routes" VALUES(114,429,480,0);
INSERT INTO "routes" VALUES(116,430,480,2);
INSERT INTO "routes" VALUES(117,467,417,2);
INSERT INTO "routes" VALUES(118,467,415,0);
INSERT INTO "routes" VALUES(120,467,419,0);
INSERT INTO "routes" VALUES(123,470,419,0);
INSERT INTO "routes" VALUES(124,470,415,2);
INSERT INTO "routes" VALUES(125,480,572,2);
INSERT INTO "routes" VALUES(126,567,467,2);
INSERT INTO "routes" VALUES(127,547,470,2);
INSERT INTO "routes" VALUES(128,547,467,0);
INSERT INTO "routes" VALUES(129,497,470,0);
INSERT INTO "routes" VALUES(130,481,553,2);
INSERT INTO "routes" VALUES(131,481,522,0);
INSERT INTO "routes" VALUES(133,480,553,0);
INSERT INTO "routes" VALUES(135,520,497,0);
INSERT INTO "routes" VALUES(138,520,487,0);
INSERT INTO "routes" VALUES(139,477,506,0);
INSERT INTO "routes" VALUES(140,477,522,0);
INSERT INTO "routes" VALUES(142,560,547,2);
INSERT INTO "routes" VALUES(143,505,487,0);
CREATE TABLE directions (
routenum INTEGER,
tiid INTEGER,
direction INTEGER);
INSERT INTO "directions" VALUES(1,208,0);
INSERT INTO "directions" VALUES(1,199,0);
INSERT INTO "directions" VALUES(1,244,1);
INSERT INTO "directions" VALUES(1,215,0);
INSERT INTO "directions" VALUES(2,208,1);
INSERT INTO "directions" VALUES(2,202,0);
INSERT INTO "directions" VALUES(2,244,1);
INSERT INTO "directions" VALUES(2,206,0);
INSERT INTO "directions" VALUES(2,215,0);
INSERT INTO "directions" VALUES(3,212,0);
INSERT INTO "directions" VALUES(3,194,0);
INSERT INTO "directions" VALUES(3,244,1);
INSERT INTO "directions" VALUES(3,215,1);
INSERT INTO "directions" VALUES(4,193,1);
INSERT INTO "directions" VALUES(4,194,1);
INSERT INTO "directions" VALUES(4,212,0);
INSERT INTO "directions" VALUES(4,244,1);
INSERT INTO "directions" VALUES(4,215,1);
INSERT INTO "directions" VALUES(6,244,0);
INSERT INTO "directions" VALUES(6,229,1);
INSERT INTO "directions" VALUES(6,231,1);
INSERT INTO "directions" VALUES(6,186,0);
INSERT INTO "directions" VALUES(6,187,0);
INSERT INTO "directions" VALUES(6,239,0);
INSERT INTO "directions" VALUES(7,244,0);
INSERT INTO "directions" VALUES(7,229,1);
INSERT INTO "directions" VALUES(7,231,1);
INSERT INTO "directions" VALUES(7,185,1);
INSERT INTO "directions" VALUES(7,187,1);
INSERT INTO "directions" VALUES(7,239,0);
INSERT INTO "directions" VALUES(8,160,0);
INSERT INTO "directions" VALUES(8,244,0);
INSERT INTO "directions" VALUES(8,181,1);
INSERT INTO "directions" VALUES(8,231,0);
INSERT INTO "directions" VALUES(8,228,0);
INSERT INTO "directions" VALUES(8,239,0);
INSERT INTO "directions" VALUES(9,162,1);
INSERT INTO "directions" VALUES(9,244,0);
INSERT INTO "directions" VALUES(9,181,0);
INSERT INTO "directions" VALUES(9,231,0);
INSERT INTO "directions" VALUES(9,228,0);
INSERT INTO "directions" VALUES(9,175,1);
INSERT INTO "directions" VALUES(9,178,1);
INSERT INTO "directions" VALUES(9,239,0);
INSERT INTO "directions" VALUES(10,48,0);
INSERT INTO "directions" VALUES(10,47,0);
INSERT INTO "directions" VALUES(11,178,0);
INSERT INTO "directions" VALUES(11,228,0);
INSERT INTO "directions" VALUES(11,181,0);
INSERT INTO "directions" VALUES(11,231,0);
INSERT INTO "directions" VALUES(11,169,0);
INSERT INTO "directions" VALUES(11,244,0);
INSERT INTO "directions" VALUES(11,239,0);
INSERT INTO "directions" VALUES(12,48,1);
INSERT INTO "directions" VALUES(12,58,1);
INSERT INTO "directions" VALUES(17,235,0);
INSERT INTO "directions" VALUES(17,260,0);
INSERT INTO "directions" VALUES(17,229,0);
INSERT INTO "directions" VALUES(17,186,0);
INSERT INTO "directions" VALUES(17,187,0);
INSERT INTO "directions" VALUES(17,302,1);
INSERT INTO "directions" VALUES(18,235,0);
INSERT INTO "directions" VALUES(18,260,0);
INSERT INTO "directions" VALUES(18,229,0);
INSERT INTO "directions" VALUES(18,185,1);
INSERT INTO "directions" VALUES(18,187,1);
INSERT INTO "directions" VALUES(18,302,1);
INSERT INTO "directions" VALUES(19,160,0);
INSERT INTO "directions" VALUES(19,228,1);
INSERT INTO "directions" VALUES(19,181,1);
INSERT INTO "directions" VALUES(19,260,0);
INSERT INTO "directions" VALUES(19,235,1);
INSERT INTO "directions" VALUES(19,302,1);
INSERT INTO "directions" VALUES(20,162,1);
INSERT INTO "directions" VALUES(20,260,0);
INSERT INTO "directions" VALUES(20,181,0);
INSERT INTO "directions" VALUES(20,228,1);
INSERT INTO "directions" VALUES(20,235,1);
INSERT INTO "directions" VALUES(20,178,1);
INSERT INTO "directions" VALUES(20,302,1);
INSERT INTO "directions" VALUES(20,175,1);
INSERT INTO "directions" VALUES(21,178,0);
INSERT INTO "directions" VALUES(21,260,0);
INSERT INTO "directions" VALUES(21,181,0);
INSERT INTO "directions" VALUES(21,169,0);
INSERT INTO "directions" VALUES(21,228,1);
INSERT INTO "directions" VALUES(21,235,1);
INSERT INTO "directions" VALUES(21,302,1);
INSERT INTO "directions" VALUES(22,260,1);
INSERT INTO "directions" VALUES(22,254,0);
INSERT INTO "directions" VALUES(22,262,1);
INSERT INTO "directions" VALUES(22,247,0);
INSERT INTO "directions" VALUES(22,173,0);
INSERT INTO "directions" VALUES(22,302,1);
INSERT INTO "directions" VALUES(24,58,0);
INSERT INTO "directions" VALUES(24,59,0);
INSERT INTO "directions" VALUES(26,153,0);
INSERT INTO "directions" VALUES(26,154,0);
INSERT INTO "directions" VALUES(26,293,1);
INSERT INTO "directions" VALUES(26,302,0);
INSERT INTO "directions" VALUES(28,152,1);
INSERT INTO "directions" VALUES(28,154,1);
INSERT INTO "directions" VALUES(28,293,1);
INSERT INTO "directions" VALUES(28,302,0);
INSERT INTO "directions" VALUES(29,283,0);
INSERT INTO "directions" VALUES(29,142,0);
INSERT INTO "directions" VALUES(29,293,0);
INSERT INTO "directions" VALUES(29,302,0);
INSERT INTO "directions" VALUES(29,143,0);
INSERT INTO "directions" VALUES(30,293,0);
INSERT INTO "directions" VALUES(30,137,0);
INSERT INTO "directions" VALUES(30,283,0);
INSERT INTO "directions" VALUES(30,140,1);
INSERT INTO "directions" VALUES(30,302,0);
INSERT INTO "directions" VALUES(30,143,1);
INSERT INTO "directions" VALUES(31,283,1);
INSERT INTO "directions" VALUES(31,142,0);
INSERT INTO "directions" VALUES(31,286,1);
INSERT INTO "directions" VALUES(31,143,0);
INSERT INTO "directions" VALUES(32,137,0);
INSERT INTO "directions" VALUES(32,283,1);
INSERT INTO "directions" VALUES(32,140,1);
INSERT INTO "directions" VALUES(32,286,1);
INSERT INTO "directions" VALUES(32,143,1);
INSERT INTO "directions" VALUES(33,128,0);
INSERT INTO "directions" VALUES(33,127,0);
INSERT INTO "directions" VALUES(33,286,0);
INSERT INTO "directions" VALUES(33,135,0);
INSERT INTO "directions" VALUES(34,92,0);
INSERT INTO "directions" VALUES(35,92,1);
INSERT INTO "directions" VALUES(35,118,1);
INSERT INTO "directions" VALUES(35,119,1);
INSERT INTO "directions" VALUES(36,92,1);
INSERT INTO "directions" VALUES(36,110,1);
INSERT INTO "directions" VALUES(36,118,0);
INSERT INTO "directions" VALUES(38,128,1);
INSERT INTO "directions" VALUES(38,113,0);
INSERT INTO "directions" VALUES(38,116,1);
INSERT INTO "directions" VALUES(38,126,1);
INSERT INTO "directions" VALUES(38,135,0);
INSERT INTO "directions" VALUES(38,286,0);
INSERT INTO "directions" VALUES(39,242,0);
INSERT INTO "directions" VALUES(39,199,1);
INSERT INTO "directions" VALUES(39,216,0);
INSERT INTO "directions" VALUES(39,265,1);
INSERT INTO "directions" VALUES(39,202,1);
INSERT INTO "directions" VALUES(39,219,0);
INSERT INTO "directions" VALUES(39,206,1);
INSERT INTO "directions" VALUES(40,242,0);
INSERT INTO "directions" VALUES(40,216,0);
INSERT INTO "directions" VALUES(40,265,1);
INSERT INTO "directions" VALUES(40,202,0);
INSERT INTO "directions" VALUES(40,219,0);
INSERT INTO "directions" VALUES(40,206,1);
INSERT INTO "directions" VALUES(42,242,0);
INSERT INTO "directions" VALUES(42,212,1);
INSERT INTO "directions" VALUES(42,216,1);
INSERT INTO "directions" VALUES(42,265,1);
INSERT INTO "directions" VALUES(42,219,0);
INSERT INTO "directions" VALUES(42,194,0);
INSERT INTO "directions" VALUES(43,193,1);
INSERT INTO "directions" VALUES(43,242,0);
INSERT INTO "directions" VALUES(43,212,1);
INSERT INTO "directions" VALUES(43,216,1);
INSERT INTO "directions" VALUES(43,265,1);
INSERT INTO "directions" VALUES(43,219,0);
INSERT INTO "directions" VALUES(43,194,1);
INSERT INTO "directions" VALUES(44,262,0);
INSERT INTO "directions" VALUES(44,265,0);
INSERT INTO "directions" VALUES(44,186,1);
INSERT INTO "directions" VALUES(44,251,1);
INSERT INTO "directions" VALUES(44,188,1);
INSERT INTO "directions" VALUES(44,254,1);
INSERT INTO "directions" VALUES(45,262,0);
INSERT INTO "directions" VALUES(45,265,0);
INSERT INTO "directions" VALUES(45,185,0);
INSERT INTO "directions" VALUES(45,251,1);
INSERT INTO "directions" VALUES(45,188,0);
INSERT INTO "directions" VALUES(45,254,1);
INSERT INTO "directions" VALUES(46,160,1);
INSERT INTO "directions" VALUES(46,162,0);
INSERT INTO "directions" VALUES(46,262,0);
INSERT INTO "directions" VALUES(46,247,0);
INSERT INTO "directions" VALUES(46,265,0);
INSERT INTO "directions" VALUES(46,172,0);
INSERT INTO "directions" VALUES(46,173,1);
INSERT INTO "directions" VALUES(46,254,0);
INSERT INTO "directions" VALUES(46,175,0);
INSERT INTO "directions" VALUES(47,162,1);
INSERT INTO "directions" VALUES(47,262,0);
INSERT INTO "directions" VALUES(47,247,0);
INSERT INTO "directions" VALUES(47,265,0);
INSERT INTO "directions" VALUES(47,172,0);
INSERT INTO "directions" VALUES(47,173,1);
INSERT INTO "directions" VALUES(47,254,0);
INSERT INTO "directions" VALUES(47,175,0);
INSERT INTO "directions" VALUES(48,48,0);
INSERT INTO "directions" VALUES(48,262,0);
INSERT INTO "directions" VALUES(48,265,0);
INSERT INTO "directions" VALUES(48,169,1);
INSERT INTO "directions" VALUES(48,247,0);
INSERT INTO "directions" VALUES(48,172,1);
INSERT INTO "directions" VALUES(48,173,1);
INSERT INTO "directions" VALUES(48,254,0);
INSERT INTO "directions" VALUES(48,47,0);
INSERT INTO "directions" VALUES(49,262,0);
INSERT INTO "directions" VALUES(49,247,0);
INSERT INTO "directions" VALUES(49,265,0);
INSERT INTO "directions" VALUES(49,58,0);
INSERT INTO "directions" VALUES(49,59,0);
INSERT INTO "directions" VALUES(49,173,0);
INSERT INTO "directions" VALUES(49,254,0);
INSERT INTO "directions" VALUES(51,250,0);
INSERT INTO "directions" VALUES(51,251,0);
INSERT INTO "directions" VALUES(51,188,1);
INSERT INTO "directions" VALUES(51,186,1);
INSERT INTO "directions" VALUES(52,185,0);
INSERT INTO "directions" VALUES(52,250,0);
INSERT INTO "directions" VALUES(52,251,0);
INSERT INTO "directions" VALUES(52,188,0);
INSERT INTO "directions" VALUES(53,160,1);
INSERT INTO "directions" VALUES(53,162,0);
INSERT INTO "directions" VALUES(53,247,1);
INSERT INTO "directions" VALUES(53,250,1);
INSERT INTO "directions" VALUES(53,172,0);
INSERT INTO "directions" VALUES(53,173,1);
INSERT INTO "directions" VALUES(53,175,0);
INSERT INTO "directions" VALUES(54,162,1);
INSERT INTO "directions" VALUES(54,247,1);
INSERT INTO "directions" VALUES(54,250,1);
INSERT INTO "directions" VALUES(54,172,0);
INSERT INTO "directions" VALUES(54,173,1);
INSERT INTO "directions" VALUES(54,175,0);
INSERT INTO "directions" VALUES(55,48,0);
INSERT INTO "directions" VALUES(55,247,1);
INSERT INTO "directions" VALUES(55,169,1);
INSERT INTO "directions" VALUES(55,250,1);
INSERT INTO "directions" VALUES(55,172,1);
INSERT INTO "directions" VALUES(55,173,1);
INSERT INTO "directions" VALUES(55,47,0);
INSERT INTO "directions" VALUES(56,250,1);
INSERT INTO "directions" VALUES(56,59,0);
INSERT INTO "directions" VALUES(56,247,1);
INSERT INTO "directions" VALUES(56,58,0);
INSERT INTO "directions" VALUES(56,173,0);
INSERT INTO "directions" VALUES(57,153,1);
INSERT INTO "directions" VALUES(57,155,1);
INSERT INTO "directions" VALUES(57,294,1);
INSERT INTO "directions" VALUES(58,152,0);
INSERT INTO "directions" VALUES(58,155,0);
INSERT INTO "directions" VALUES(58,294,1);
INSERT INTO "directions" VALUES(59,144,1);
INSERT INTO "directions" VALUES(59,276,0);
INSERT INTO "directions" VALUES(59,142,1);
INSERT INTO "directions" VALUES(59,294,0);
INSERT INTO "directions" VALUES(60,144,0);
INSERT INTO "directions" VALUES(60,140,0);
INSERT INTO "directions" VALUES(60,276,0);
INSERT INTO "directions" VALUES(60,294,0);
INSERT INTO "directions" VALUES(60,137,0);
INSERT INTO "directions" VALUES(61,144,1);
INSERT INTO "directions" VALUES(61,276,1);
INSERT INTO "directions" VALUES(61,142,1);
INSERT INTO "directions" VALUES(61,279,1);
INSERT INTO "directions" VALUES(62,144,0);
INSERT INTO "directions" VALUES(62,140,0);
INSERT INTO "directions" VALUES(62,276,1);
INSERT INTO "directions" VALUES(62,137,0);
INSERT INTO "directions" VALUES(62,279,1);
INSERT INTO "directions" VALUES(63,129,1);
INSERT INTO "directions" VALUES(63,127,1);
INSERT INTO "directions" VALUES(63,92,0);
INSERT INTO "directions" VALUES(63,279,0);
INSERT INTO "directions" VALUES(65,129,0);
INSERT INTO "directions" VALUES(65,119,0);
INSERT INTO "directions" VALUES(65,116,0);
INSERT INTO "directions" VALUES(65,126,0);
INSERT INTO "directions" VALUES(65,279,0);
INSERT INTO "directions" VALUES(66,129,0);
INSERT INTO "directions" VALUES(66,116,1);
INSERT INTO "directions" VALUES(66,113,1);
INSERT INTO "directions" VALUES(66,279,0);
INSERT INTO "directions" VALUES(66,110,0);
INSERT INTO "directions" VALUES(66,126,0);
INSERT INTO "directions" VALUES(67,129,0);
INSERT INTO "directions" VALUES(67,116,1);
INSERT INTO "directions" VALUES(67,113,0);
INSERT INTO "directions" VALUES(67,126,0);
INSERT INTO "directions" VALUES(67,279,0);
INSERT INTO "directions" VALUES(90,299,0);
INSERT INTO "directions" VALUES(91,299,1);
INSERT INTO "directions" VALUES(92,340,0);
INSERT INTO "directions" VALUES(93,338,1);
INSERT INTO "directions" VALUES(93,340,1);
INSERT INTO "directions" VALUES(93,333,1);
INSERT INTO "directions" VALUES(93,335,1);
INSERT INTO "directions" VALUES(95,338,0);
INSERT INTO "directions" VALUES(95,335,0);
INSERT INTO "directions" VALUES(96,333,0);
INSERT INTO "directions" VALUES(97,407,0);
INSERT INTO "directions" VALUES(98,414,0);
INSERT INTO "directions" VALUES(99,409,0);
INSERT INTO "directions" VALUES(99,412,0);
INSERT INTO "directions" VALUES(100,409,0);
INSERT INTO "directions" VALUES(100,427,1);
INSERT INTO "directions" VALUES(100,412,1);
INSERT INTO "directions" VALUES(100,414,1);
INSERT INTO "directions" VALUES(100,425,1);
INSERT INTO "directions" VALUES(101,409,1);
INSERT INTO "directions" VALUES(101,412,1);
INSERT INTO "directions" VALUES(101,414,1);
INSERT INTO "directions" VALUES(101,407,1);
INSERT INTO "directions" VALUES(102,427,0);
INSERT INTO "directions" VALUES(102,405,0);
INSERT INTO "directions" VALUES(103,400,0);
INSERT INTO "directions" VALUES(103,402,1);
INSERT INTO "directions" VALUES(103,405,1);
INSERT INTO "directions" VALUES(104,400,1);
INSERT INTO "directions" VALUES(104,402,1);
INSERT INTO "directions" VALUES(104,427,0);
INSERT INTO "directions" VALUES(104,405,1);
INSERT INTO "directions" VALUES(104,398,1);
INSERT INTO "directions" VALUES(105,398,0);
INSERT INTO "directions" VALUES(107,400,0);
INSERT INTO "directions" VALUES(107,402,0);
INSERT INTO "directions" VALUES(108,455,0);
INSERT INTO "directions" VALUES(109,451,0);
INSERT INTO "directions" VALUES(109,453,0);
INSERT INTO "directions" VALUES(110,448,1);
INSERT INTO "directions" VALUES(110,434,0);
INSERT INTO "directions" VALUES(110,427,0);
INSERT INTO "directions" VALUES(110,453,0);
INSERT INTO "directions" VALUES(110,451,1);
INSERT INTO "directions" VALUES(111,448,1);
INSERT INTO "directions" VALUES(111,434,0);
INSERT INTO "directions" VALUES(111,451,1);
INSERT INTO "directions" VALUES(111,453,0);
INSERT INTO "directions" VALUES(111,425,1);
INSERT INTO "directions" VALUES(111,427,1);
INSERT INTO "directions" VALUES(112,448,1);
INSERT INTO "directions" VALUES(112,434,0);
INSERT INTO "directions" VALUES(112,451,1);
INSERT INTO "directions" VALUES(112,453,1);
INSERT INTO "directions" VALUES(112,455,1);
INSERT INTO "directions" VALUES(113,448,0);
INSERT INTO "directions" VALUES(113,434,0);
INSERT INTO "directions" VALUES(114,449,1);
INSERT INTO "directions" VALUES(114,434,1);
INSERT INTO "directions" VALUES(114,436,1);
INSERT INTO "directions" VALUES(114,461,1);
INSERT INTO "directions" VALUES(114,463,0);
INSERT INTO "directions" VALUES(116,461,0);
INSERT INTO "directions" VALUES(116,463,0);
INSERT INTO "directions" VALUES(117,465,0);
INSERT INTO "directions" VALUES(118,465,1);
INSERT INTO "directions" VALUES(118,436,0);
INSERT INTO "directions" VALUES(118,449,1);
INSERT INTO "directions" VALUES(118,425,0);
INSERT INTO "directions" VALUES(118,461,1);
INSERT INTO "directions" VALUES(118,463,1);
INSERT INTO "directions" VALUES(120,465,1);
INSERT INTO "directions" VALUES(120,434,1);
INSERT INTO "directions" VALUES(120,436,1);
INSERT INTO "directions" VALUES(120,449,1);
INSERT INTO "directions" VALUES(120,427,0);
INSERT INTO "directions" VALUES(120,461,1);
INSERT INTO "directions" VALUES(120,463,1);
INSERT INTO "directions" VALUES(123,449,0);
INSERT INTO "directions" VALUES(123,434,1);
INSERT INTO "directions" VALUES(123,427,0);
INSERT INTO "directions" VALUES(123,436,1);
INSERT INTO "directions" VALUES(124,449,0);
INSERT INTO "directions" VALUES(124,436,0);
INSERT INTO "directions" VALUES(124,425,0);
INSERT INTO "directions" VALUES(125,537,0);
INSERT INTO "directions" VALUES(125,542,0);
INSERT INTO "directions" VALUES(126,539,0);
INSERT INTO "directions" VALUES(127,544,0);
INSERT INTO "directions" VALUES(127,502,0);
INSERT INTO "directions" VALUES(128,544,1);
INSERT INTO "directions" VALUES(128,537,1);
INSERT INTO "directions" VALUES(128,539,1);
INSERT INTO "directions" VALUES(128,542,1);
INSERT INTO "directions" VALUES(129,502,1);
INSERT INTO "directions" VALUES(130,483,0);
INSERT INTO "directions" VALUES(130,551,0);
INSERT INTO "directions" VALUES(131,483,1);
INSERT INTO "directions" VALUES(131,495,0);
INSERT INTO "directions" VALUES(133,544,1);
INSERT INTO "directions" VALUES(133,537,0);
INSERT INTO "directions" VALUES(133,549,1);
INSERT INTO "directions" VALUES(133,542,1);
INSERT INTO "directions" VALUES(133,551,1);
INSERT INTO "directions" VALUES(135,501,0);
INSERT INTO "directions" VALUES(138,491,1);
INSERT INTO "directions" VALUES(138,501,1);
INSERT INTO "directions" VALUES(139,499,0);
INSERT INTO "directions" VALUES(140,499,1);
INSERT INTO "directions" VALUES(140,495,1);
INSERT INTO "directions" VALUES(142,549,0);
INSERT INTO "directions" VALUES(143,491,0);
CREATE TABLE traintypes (
code VARCHAR(10),
description VARCHAR(200),
maxspeed DOUBLE,
stdaccel DOUBLE,
stdbraking DOUBLE,
emergbraking DOUBLE,
tlength DOUBLE);
INSERT INTO "traintypes" VALUES('4/321','Class 321 / 4 Cars',44.7,0.4,0.4,1.5,80.0);
INSERT INTO "traintypes" VALUES('4/315','Class 315 / 4 cars',33.5,0.4,0.4,1.5,80.0);
INSERT INTO "traintypes" VALUES('12/321','Class 321 / 12 Cars',44.7,0.4,0.4,1.5,240.0);
INSERT INTO "traintypes" VALUES('4/317','Class 317 / 4 Cars',44.7,0.4,0.4,1.5,80.0);
INSERT INTO "traintypes" VALUES('8/315','Class 315 / 8 Cars',33.5,0.4,0.4,1.5,160.0);
INSERT INTO "traintypes" VALUES('8/317','Class 317 / 8 Cars',44.7,0.4,0.4,1.5,160.0);
INSERT INTO "traintypes" VALUES('12/317','Class 317 / 12 Cars',44.7,0.4,0.4,1.5,240.0);
INSERT INTO "traintypes" VALUES('12/315','Class 315 / 12 Cars',33.5,0.4,0.4,1.5,240.0);
INSERT INTO "traintypes" VALUES('8/321','Class 321 / 8 Cars',44.7,0.4,0.4,1.5,160.0);
INSERT INTO "traintypes" VALUES('4/357','Class 357 / 4 Cars',44.7,0.4,0.4,1.5,82.0);
INSERT INTO "traintypes" VALUES('90+8','Class 90/DVT + 8 Cars',44.7,0.3,0.4,1.5,160.0);
INSERT INTO "traintypes" VALUES('3/170','Class 170 / 3 Cars',44.7,0.4,0.4,1.5,70.0);
INSERT INTO "traintypes" VALUES('4/360','Class 360 / 4 Cars',44.7,0.4,0.4,1.5,80.0);
INSERT INTO "traintypes" VALUES('6/170','Class 170 / 6 Cars',44.7,0.4,0.4,1.5,140.0);
INSERT INTO "traintypes" VALUES('8/360','Class 360 / 8 Cars',44.7,0.4,0.4,1.5,160.0);
INSERT INTO "traintypes" VALUES('8/357','Class 357 / 8 Cars',44.7,0.4,0.4,1.5,164.0);
INSERT INTO "traintypes" VALUES('12/360','Class 360 / 12 Cars',44.7,0.4,0.4,1.5,240.0);
CREATE TABLE services (
servicecode VARCHAR(10),
description VARCHAR(200),
nextservice VARCHAR(10),
autoreverse BOOLEAN);
CREATE TABLE servicelines (
servicecode VARCHAR(10),
placecode VARCHAR(10),
scheduledarrivaltime TIME,
scheduleddeparturetime TIME,
trackcode VARCHAR(10),
stop BOOLEAN);
CREATE TABLE trains (
servicecode VARCHAR(10),
traintype VARCHAR(10),
speed DOUBLE,
tiid INTEGER,
previoustiid INTEGER,
posonti DOUBLE,
appeartime TIME);
COMMIT;
